score, type, index
12,0,0
12,0,1
0,0,2
12,0,3
12,0,4
0,0,5
0,0,6
0,0,7
0,0,8
12,0,9
12,0,10
0,0,11
12,0,12
12,0,13
12,0,14
12,0,15
12,0,16
12,0,17
12,0,18
12,0,19
12,0,20
12,0,21
12,0,22
12,0,23
12,0,24
12,0,25
12,0,26
12,0,27
12,0,28
12,0,29
12,0,30
12,0,31
12,0,32
12,0,33
0,0,34
0,0,35
0,0,36
0,0,37
0,0,38
12,0,39
12,0,40
12,0,41
12,0,42
12,0,43
12,0,44
12,0,45
12,0,46
12,0,47
12,0,48
12,0,49
12,0,50
12,0,51
12,0,52
12,0,53
12,0,54
12,0,55
12,0,56
12,0,57
12,0,58
12,0,59
12,0,60
12,0,61
12,0,62
12,0,63
12,0,64
12,0,65
12,0,66
12,0,67
12,0,68
12,0,69
12,0,70
12,0,71
12,0,72
0,0,73
12,0,74
12,0,75
12,0,76
12,0,77
12,0,78
12,0,79
12,0,80
12,0,81
12,0,82
12,0,83
12,0,84
12,0,85
12,0,86
12,0,87
12,0,88
12,0,89
12,0,90
12,0,91
12,0,92
12,0,93
12,0,94
12,0,95
12,0,96
12,0,97
12,0,98
12,0,99
12,0,100
12,0,101
12,0,102
12,0,103
0,0,104
12,0,105
12,0,106
12,0,107
12,0,108
12,0,109
12,0,110
12,0,111
12,0,112
12,0,113
12,0,114
12,0,115
12,0,116
12,0,117
0,0,118
12,0,119
12,0,120
12,0,121
12,0,122
12,0,123
12,0,124
12,0,125
12,0,126
12,0,127
12,0,128
12,0,129
12,0,130
12,0,131
12,0,132
12,0,133
0,0,134
12,0,135
12,0,136
12,0,137
12,0,138
12,0,139
12,0,140
12,0,141
12,0,142
12,0,143
12,0,144
12,0,145
12,0,146
12,0,147
0,0,148
0,0,149
12,0,150
12,0,151
12,0,152
12,0,153
12,0,154
0,0,155
0,0,156
12,0,157
12,0,158
12,0,159
12,0,160
12,0,161
12,0,162
12,0,163
12,0,164
12,0,165
12,0,166
0,0,167
12,0,168
12,0,169
12,0,170
12,0,171
12,0,172
12,0,173
12,0,174
12,0,175
12,0,176
12,0,177
12,0,178
12,0,179
12,0,180
0,0,181
12,0,182
12,0,183
12,0,184
12,0,185
12,0,186
12,0,187
12,0,188
12,0,189
12,0,190
12,0,191
12,0,192
12,0,193
12,0,194
12,0,195
12,0,196
12,0,197
12,0,198
12,0,199
12,0,200
12,0,201
12,0,202
12,0,203
12,0,204
12,0,205
12,0,206
12,0,207
12,0,208
0,0,209
0,0,210
12,0,211
12,0,212
12,0,213
12,0,214
12,0,215
12,0,216
12,0,217
12,0,218
12,0,219
12,0,220
12,0,221
12,0,222
12,0,223
12,0,224
12,0,225
12,0,226
12,0,227
12,0,228
12,0,229
12,0,230
12,0,231
0,0,232
0,0,233
0,0,234
12,0,235
12,0,236
12,0,237
12,0,238
12,0,239
12,0,240
12,0,241
12,0,242
12,0,243
12,0,244
12,0,245
12,0,246
12,0,247
12,0,248
12,0,249
12,0,250
0,0,251
12,0,252
12,0,253
12,0,254
12,0,255
12,0,256
12,0,257
0,0,258
12,0,259
12,0,260
12,0,261
12,0,262
12,0,263
12,0,264
12,0,265
12,0,266
12,0,267
12,0,268
12,0,269
12,0,270
0,0,271
12,0,272
12,0,273
0,0,274
12,0,275
12,0,276
12,0,277
12,0,278
0,0,279
12,0,280
12,0,281
12,0,282
12,0,283
12,0,284
12,0,285
0,0,286
12,0,287
12,0,288
12,0,289
12,0,290
12,0,291
0,0,292
12,0,293
12,0,294
12,0,295
12,0,296
12,0,297
12,0,298
12,0,299
12,0,300
12,0,301
0,0,302
0,0,303
12,0,304
12,0,305
0,0,306
12,0,307
12,0,308
12,0,309
12,0,310
12,0,311
12,0,312
12,0,313
12,0,314
12,0,315
12,0,316
12,0,317
12,0,318
0,0,319
12,0,320
12,0,321
0,0,322
0,0,323
0,0,324
12,0,325
12,0,326
12,0,327
0,0,328
0,0,329
12,0,330
12,0,331
12,0,332
12,0,333
12,0,334
12,0,335
12,0,336
12,0,337
12,0,338
0,0,339
12,0,340
12,0,341
0,0,342
0,0,343
12,0,344
12,0,345
12,0,346
0,0,347
12,0,348
12,0,349
12,0,350
0,0,351
12,0,352
12,0,353
12,0,354
12,0,355
12,0,356
12,0,357
0,0,358
0,0,359
0,0,360
12,0,361
12,0,362
12,0,363
12,0,364
0,0,365
12,0,366
12,0,367
0,0,368
12,0,369
12,0,370
12,0,371
12,0,372
12,0,373
12,0,374
0,0,375
0,0,376
12,0,377
12,0,378
12,0,379
12,0,380
12,0,381
12,0,382
12,0,383
12,0,384
12,0,385
12,0,386
12,0,387
0,0,388
12,0,389
12,0,390
12,0,391
12,0,392
12,0,393
12,0,394
12,0,395
12,0,396
12,0,397
0,0,398
12,0,399
12,0,400
0,0,401
12,0,402
12,0,403
0,0,404
12,0,405
12,0,406
0,0,407
12,0,408
12,0,409
0,0,410
0,0,411
12,0,412
12,0,413
12,0,414
0,0,415
0,0,416
12,0,417
12,0,418
0,0,419
12,0,420
12,0,421
0,0,422
0,0,423
12,0,424
12,0,425
12,0,426
12,0,427
12,0,428
12,0,429
12,0,430
12,0,431
12,0,432
0,0,433
12,0,434
12,0,435
12,0,436
12,0,437
12,0,438
12,0,439
0,0,440
0,0,441
12,0,442
12,0,443
12,0,444
12,0,445
12,0,446
12,0,447
12,0,448
0,0,449
12,0,450
12,0,451
12,0,452
12,0,453
12,0,454
12,0,455
12,0,456
12,0,457
12,0,458
12,0,459
12,0,460
0,0,461
0,0,462
0,0,463
12,0,464
12,0,465
12,0,466
12,0,467
12,0,468
12,0,469
12,0,470
12,0,471
12,0,472
12,0,473
12,0,474
12,0,475
12,0,476
12,0,477
12,0,478
12,0,479
12,0,480
12,0,481
0,0,482
12,0,483
12,0,484
12,0,485
0,0,486
12,0,487
12,0,488
12,0,489
12,0,490
12,0,491
12,0,492
0,0,493
12,0,494
12,0,495
12,0,496
12,0,497
0,0,498
0,0,499
12,0,500
12,0,501
12,0,502
12,0,503
12,0,504
0,0,505
12,0,506
12,0,507
12,0,508
0,0,509
12,0,510
12,0,511
12,0,512
0,0,513
12,0,514
12,0,515
12,0,516
12,0,517
12,0,518
12,0,519
12,0,520
12,0,521
0,0,522
0,0,523
0,0,524
12,0,525
12,0,526
12,0,527
12,0,528
12,0,529
12,0,530
0,0,531
12,0,532
12,0,533
12,0,534
12,0,535
12,0,536
12,0,537
12,0,538
0,0,539
12,0,540
12,0,541
0,0,542
12,0,543
12,0,544
12,0,545
12,0,546
12,0,547
12,0,548
12,0,549
12,0,550
12,0,551
12,0,552
0,0,553
12,0,554
12,0,555
0,0,556
12,0,557
12,0,558
12,0,559
12,0,560
12,0,561
12,0,562
12,0,563
12,0,564
12,0,565
12,0,566
12,0,567
12,0,568
12,0,569
12,0,570
12,0,571
12,0,572
0,0,573
12,0,574
12,0,575
12,0,576
0,0,577
12,0,578
12,0,579
12,0,580
12,0,581
0,0,582
0,0,583
0,0,584
12,0,585
12,0,586
12,0,587
12,0,588
12,0,589
12,0,590
12,0,591
12,0,592
12,0,593
12,0,594
0,0,595
0,0,596
0,0,597
12,0,598
12,0,599
12,0,600
12,0,601
12,0,602
0,0,603
12,0,604
12,0,605
12,0,606
12,0,607
12,0,608
12,0,609
12,0,610
12,0,611
12,0,612
12,0,613
12,0,614
12,0,615
12,0,616
12,0,617
12,0,618
12,0,619
12,0,620
12,0,621
0,0,622
12,0,623
12,0,624
12,0,625
12,0,626
12,0,627
12,0,628
12,0,629
12,0,630
12,0,631
12,0,632
12,0,633
12,0,634
12,0,635
12,0,636
12,0,637
12,0,638
12,0,639
12,0,640
12,0,641
12,0,642
12,0,643
12,0,644
12,0,645
12,0,646
12,0,647
12,0,648
12,0,649
0,0,650
0,0,651
12,0,652
12,0,653
12,0,654
0,0,655
12,0,656
12,0,657
12,0,658
12,0,659
12,0,660
0,0,661
12,0,662
12,0,663
12,0,664
12,0,665
12,0,666
12,0,667
12,0,668
12,0,669
12,0,670
12,0,671
12,0,672
12,0,673
12,0,674
12,0,675
12,0,676
0,0,677
0,0,678
12,0,679
12,0,680
12,0,681
12,0,682
12,0,683
12,0,684
12,0,685
12,0,686
12,0,687
0,0,688
0,0,689
12,0,690
12,0,691
12,0,692
12,0,693
12,0,694
12,0,695
12,0,696
12,0,697
12,0,698
12,0,699
12,0,700
12,0,701
12,0,702
12,0,703
12,0,704
12,0,705
12,0,706
12,0,707
12,0,708
12,0,709
12,0,710
12,0,711
12,0,712
12,0,713
12,0,714
12,0,715
12,0,716
12,0,717
12,0,718
12,0,719
12,0,720
12,0,721
12,0,722
12,0,723
0,0,724
12,0,725
12,0,726
12,0,727
12,0,728
12,0,729
12,0,730
12,0,731
12,0,732
12,0,733
12,0,734
12,0,735
0,0,736
0,0,737
12,0,738
12,0,739
12,0,740
0,0,741
0,0,742
12,0,743
12,0,744
0,0,745
12,0,746
12,0,747
12,0,748
12,0,749
12,0,750
12,0,751
12,0,752
0,0,753
12,0,754
12,0,755
12,0,756
12,0,757
12,0,758
12,0,759
12,0,760
12,0,761
12,0,762
12,0,763
12,0,764
12,0,765
12,0,766
12,0,767
12,0,768
12,0,769
12,0,770
0,0,771
12,0,772
12,0,773
12,0,774
12,0,775
12,0,776
12,0,777
12,0,778
12,0,779
12,0,780
12,0,781
12,0,782
12,0,783
12,0,784
0,0,785
12,0,786
12,0,787
0,0,788
12,0,789
12,0,790
12,0,791
0,0,792
12,0,793
12,0,794
12,0,795
0,0,796
12,0,797
12,0,798
0,0,799
12,0,800
12,0,801
12,0,802
0,0,803
12,0,804
12,0,805
12,0,806
12,0,807
12,0,808
12,0,809
12,0,810
12,0,811
12,0,812
12,0,813
0,0,814
12,0,815
12,0,816
12,0,817
12,0,818
12,0,819
12,0,820
12,0,821
12,0,822
12,0,823
0,0,824
0,0,825
12,0,826
12,0,827
0,0,828
12,0,829
12,0,830
0,0,831
12,0,832
12,0,833
0,0,834
0,0,835
12,0,836
12,0,837
12,0,838
12,0,839
12,0,840
12,0,841
12,0,842
12,0,843
12,0,844
12,0,845
0,0,846
12,0,847
12,0,848
12,0,849
12,0,850
12,0,851
12,0,852
12,0,853
12,0,854
12,0,855
12,0,856
12,0,857
0,0,858
12,0,859
12,0,860
12,0,861
12,0,862
12,0,863
12,0,864
12,0,865
12,0,866
12,0,867
12,0,868
12,0,869
12,0,870
0,0,871
12,0,872
12,0,873
0,0,874
12,0,875
12,0,876
0,0,877
12,0,878
12,0,879
12,0,880
0,0,881
0,0,882
12,0,883
12,0,884
12,0,885
12,0,886
12,0,887
12,0,888
0,0,889
12,0,890
12,0,891
12,0,892
12,0,893
12,0,894
12,0,895
12,0,896
12,0,897
12,0,898
12,0,899
12,0,900
12,0,901
12,0,902
12,0,903
12,0,904
0,0,905
0,0,906
0,0,907
0,0,908
0,0,909
12,0,910
12,0,911
12,0,912
12,0,913
12,0,914
0,0,915
0,0,916
12,0,917
12,0,918
12,0,919
0,0,920
12,0,921
12,0,922
12,0,923
12,0,924
12,0,925
0,0,926
0,0,927
12,0,928
12,0,929
12,0,930
12,0,931
12,0,932
12,0,933
12,0,934
12,0,935
12,0,936
12,0,937
12,0,938
12,0,939
0,0,940
12,0,941
12,0,942
12,0,943
12,0,944
12,0,945
12,0,946
12,0,947
12,0,948
12,0,949
12,0,950
12,0,951
0,0,952
12,0,953
12,0,954
12,0,955
12,0,956
12,0,957
12,0,958
12,0,959
12,0,960
12,0,961
0,0,962
0,0,963
0,0,964
0,0,965
0,0,966
0,0,967
0,0,968
0,0,969
12,0,970
12,0,971
12,0,972
0,0,973
12,0,974
12,0,975
12,0,976
0,0,977
0,0,978
12,0,979
12,0,980
12,0,981
0,0,982
12,0,983
12,0,984
12,0,985
0,0,986
12,0,987
12,0,988
12,0,989
12,0,990
12,0,991
12,0,992
12,0,993
12,0,994
12,0,995
12,0,996
12,0,997
12,0,998
12,0,999
12,0,1000
12,0,1001
12,0,1002
12,0,1003
12,0,1004
0,0,1005
12,0,1006
12,0,1007
12,0,1008
12,0,1009
12,0,1010
12,0,1011
0,0,1012
12,0,1013
12,0,1014
0,0,1015
12,0,1016
12,0,1017
12,0,1018
12,0,1019
12,0,1020
12,0,1021
12,0,1022
12,0,1023
12,0,1024
12,0,1025
12,0,1026
12,0,1027
12,0,1028
12,0,1029
12,0,1030
12,0,1031
12,0,1032
0,0,1033
12,0,1034
12,0,1035
12,0,1036
12,0,1037
12,0,1038
12,0,1039
0,0,1040
0,0,1041
12,0,1042
12,0,1043
12,0,1044
12,0,1045
0,0,1046
12,0,1047
12,0,1048
12,0,1049
0,0,1050
12,0,1051
12,0,1052
12,0,1053
12,0,1054
12,0,1055
0,0,1056
12,0,1057
12,0,1058
12,0,1059
12,0,1060
12,0,1061
12,0,1062
12,0,1063
12,0,1064
12,0,1065
12,0,1066
0,0,1067
12,0,1068
12,0,1069
12,0,1070
12,0,1071
12,0,1072
12,0,1073
12,0,1074
12,0,1075
12,0,1076
12,0,1077
0,0,1078
12,0,1079
12,0,1080
12,0,1081
12,0,1082
12,0,1083
12,0,1084
0,0,1085
0,0,1086
0,0,1087
12,0,1088
12,0,1089
0,0,1090
12,0,1091
12,0,1092
12,0,1093
12,0,1094
12,0,1095
12,0,1096
12,0,1097
12,0,1098
12,0,1099
0,0,1100
12,0,1101
12,0,1102
12,0,1103
12,0,1104
12,0,1105
12,0,1106
12,0,1107
12,0,1108
0,0,1109
12,0,1110
12,0,1111
12,0,1112
12,0,1113
12,0,1114
12,0,1115
12,0,1116
12,0,1117
12,0,1118
12,0,1119
0,0,1120
12,0,1121
12,0,1122
12,0,1123
12,0,1124
12,0,1125
12,0,1126
12,0,1127
0,0,1128
12,0,1129
12,0,1130
12,0,1131
12,0,1132
12,0,1133
12,0,1134
12,0,1135
0,0,1136
12,0,1137
12,0,1138
12,0,1139
12,0,1140
12,0,1141
12,0,1142
12,0,1143
0,0,1144
12,0,1145
12,0,1146
12,0,1147
0,0,1148
12,0,1149
12,0,1150
0,0,1151
0,0,1152
12,0,1153
12,0,1154
12,0,1155
12,0,1156
12,0,1157
12,0,1158
12,0,1159
12,0,1160
12,0,1161
12,0,1162
12,0,1163
12,0,1164
12,0,1165
12,0,1166
12,0,1167
12,0,1168
12,0,1169
12,0,1170
12,0,1171
12,0,1172
12,0,1173
12,0,1174
12,0,1175
12,0,1176
12,0,1177
12,0,1178
12,0,1179
12,0,1180
12,0,1181
12,0,1182
0,0,1183
12,0,1184
12,0,1185
12,0,1186
0,0,1187
0,0,1188
12,0,1189
12,0,1190
12,0,1191
12,0,1192
0,0,1193
12,0,1194
12,0,1195
12,0,1196
0,0,1197
12,0,1198
12,0,1199
12,0,1200
12,0,1201
12,0,1202
12,0,1203
12,0,1204
12,0,1205
12,0,1206
12,0,1207
0,0,1208
12,0,1209
12,0,1210
12,0,1211
12,0,1212
12,0,1213
12,0,1214
12,0,1215
12,0,1216
12,0,1217
12,0,1218
12,0,1219
12,0,1220
12,0,1221
12,0,1222
0,0,1223
12,0,1224
12,0,1225
0,0,1226
0,0,1227
12,0,1228
12,0,1229
12,0,1230
0,0,1231
12,0,1232
12,0,1233
12,0,1234
0,0,1235
12,0,1236
12,0,1237
12,0,1238
12,0,1239
12,0,1240
0,0,1241
0,0,1242
12,0,1243
12,0,1244
12,0,1245
12,0,1246
12,0,1247
12,0,1248
0,0,1249
0,0,1250
12,0,1251
12,0,1252
12,0,1253
12,0,1254
12,0,1255
12,0,1256
12,0,1257
0,0,1258
12,0,1259
12,0,1260
12,0,1261
12,0,1262
12,0,1263
12,0,1264
12,0,1265
12,0,1266
12,0,1267
0,0,1268
0,0,1269
12,0,1270
12,0,1271
12,0,1272
12,0,1273
12,0,1274
12,0,1275
12,0,1276
12,0,1277
0,0,1278
12,0,1279
12,0,1280
0,0,1281
0,0,1282
12,0,1283
12,0,1284
12,0,1285
12,0,1286
12,0,1287
12,0,1288
12,0,1289
0,0,1290
12,0,1291
12,0,1292
12,0,1293
12,0,1294
0,0,1295
12,0,1296
12,0,1297
12,0,1298
0,0,1299
12,0,1300
12,0,1301
0,0,1302
0,0,1303
0,0,1304
0,0,1305
12,0,1306
12,0,1307
12,0,1308
12,0,1309
0,0,1310
0,0,1311
0,0,1312
12,0,1313
12,0,1314
12,0,1315
12,0,1316
12,0,1317
12,0,1318
12,0,1319
12,0,1320
12,0,1321
0,0,1322
12,0,1323
12,0,1324
12,0,1325
12,0,1326
0,0,1327
12,0,1328
12,0,1329
12,0,1330
0,0,1331
12,0,1332
12,0,1333
0,0,1334
12,0,1335
12,0,1336
0,0,1337
12,0,1338
12,0,1339
12,0,1340
12,0,1341
12,0,1342
12,0,1343
12,0,1344
12,0,1345
12,0,1346
12,0,1347
12,0,1348
12,0,1349
0,0,1350
12,0,1351
12,0,1352
12,0,1353
12,0,1354
12,0,1355
12,0,1356
12,0,1357
12,0,1358
12,0,1359
12,0,1360
12,0,1361
12,0,1362
12,0,1363
12,0,1364
12,0,1365
0,0,1366
0,0,1367
12,0,1368
12,0,1369
0,0,1370
0,0,1371
12,0,1372
12,0,1373
12,0,1374
12,0,1375
12,0,1376
12,0,1377
0,0,1378
0,0,1379
0,0,1380
12,0,1381
12,0,1382
12,0,1383
12,0,1384
12,0,1385
12,0,1386
12,0,1387
12,0,1388
0,0,1389
12,0,1390
12,0,1391
12,0,1392
0,0,1393
0,0,1394
0,0,1395
12,0,1396
12,0,1397
0,0,1398
12,0,1399
12,0,1400
12,0,1401
12,0,1402
0,0,1403
0,0,1404
12,0,1405
12,0,1406
12,0,1407
12,0,1408
12,0,1409
12,0,1410
12,0,1411
12,0,1412
12,0,1413
12,0,1414
12,0,1415
12,0,1416
12,0,1417
12,0,1418
0,0,1419
12,0,1420
12,0,1421
0,0,1422
12,0,1423
12,0,1424
12,0,1425
12,0,1426
12,0,1427
12,0,1428
0,0,1429
12,0,1430
12,0,1431
12,0,1432
12,0,1433
12,0,1434
12,0,1435
12,0,1436
12,0,1437
0,0,1438
12,0,1439
12,0,1440
12,0,1441
12,0,1442
12,0,1443
0,0,1444
0,0,1445
0,0,1446
12,0,1447
12,0,1448
12,0,1449
12,0,1450
12,0,1451
12,0,1452
12,0,1453
12,0,1454
0,0,1455
0,0,1456
12,0,1457
12,0,1458
12,0,1459
12,0,1460
12,0,1461
12,0,1462
12,0,1463
12,0,1464
12,0,1465
0,0,1466
12,0,1467
12,0,1468
12,0,1469
12,0,1470
12,0,1471
12,0,1472
12,0,1473
12,0,1474
0,0,1475
0,0,1476
0,0,1477
0,0,1478
12,0,1479
12,0,1480
12,0,1481
12,0,1482
12,0,1483
12,0,1484
0,0,1485
12,0,1486
12,0,1487
12,0,1488
0,0,1489
0,0,1490
12,0,1491
12,0,1492
12,0,1493
12,0,1494
12,0,1495
12,0,1496
0,0,1497
12,0,1498
12,0,1499
12,0,1500
12,0,1501
12,0,1502
12,0,1503
12,0,1504
12,0,1505
12,0,1506
12,0,1507
12,0,1508
12,0,1509
12,0,1510
12,0,1511
12,0,1512
12,0,1513
12,0,1514
12,0,1515
12,0,1516
12,0,1517
12,0,1518
0,0,1519
0,0,1520
0,0,1521
0,0,1522
12,0,1523
12,0,1524
12,0,1525
12,0,1526
12,0,1527
12,0,1528
12,0,1529
0,0,1530
0,0,1531
0,0,1532
0,0,1533
12,0,1534
12,0,1535
12,0,1536
12,0,1537
0,0,1538
0,0,1539
12,0,1540
12,0,1541
0,0,1542
0,0,1543
12,0,1544
12,0,1545
12,0,1546
12,0,1547
12,0,1548
12,0,1549
12,0,1550
12,0,1551
12,0,1552
12,0,1553
12,0,1554
12,0,1555
12,0,1556
12,0,1557
12,0,1558
12,0,1559
12,0,1560
12,0,1561
12,0,1562
12,0,1563
12,0,1564
12,0,1565
12,0,1566
12,0,1567
12,0,1568
12,0,1569
12,0,1570
12,0,1571
12,0,1572
12,0,1573
12,0,1574
12,0,1575
0,0,1576
0,0,1577
12,0,1578
12,0,1579
12,0,1580
12,0,1581
12,0,1582
12,0,1583
12,0,1584
12,0,1585
12,0,1586
12,0,1587
12,0,1588
12,0,1589
12,0,1590
0,0,1591
0,0,1592
12,0,1593
12,0,1594
12,0,1595
12,0,1596
12,0,1597
12,0,1598
12,0,1599
12,0,1600
12,0,1601
12,0,1602
12,0,1603
12,0,1604
12,0,1605
12,0,1606
12,0,1607
12,0,1608
0,0,1609
12,0,1610
12,0,1611
12,0,1612
12,0,1613
12,0,1614
12,0,1615
12,0,1616
12,0,1617
0,0,1618
12,0,1619
12,0,1620
0,0,1621
12,0,1622
12,0,1623
12,0,1624
12,0,1625
12,0,1626
0,0,1627
0,0,1628
0,0,1629
12,0,1630
12,0,1631
12,0,1632
12,0,1633
12,0,1634
12,0,1635
12,0,1636
12,0,1637
12,0,1638
12,0,1639
12,0,1640
12,0,1641
12,0,1642
12,0,1643
0,0,1644
0,0,1645
0,0,1646
12,0,1647
12,0,1648
12,0,1649
12,0,1650
12,0,1651
12,0,1652
12,0,1653
12,0,1654
12,0,1655
12,0,1656
12,0,1657
12,0,1658
12,0,1659
0,0,1660
12,0,1661
12,0,1662
12,0,1663
0,0,1664
12,0,1665
12,0,1666
12,0,1667
12,0,1668
12,0,1669
12,0,1670
12,0,1671
12,0,1672
12,0,1673
0,0,1674
12,0,1675
12,0,1676
12,0,1677
0,0,1678
12,0,1679
12,0,1680
12,0,1681
12,0,1682
12,0,1683
12,0,1684
12,0,1685
12,0,1686
12,0,1687
0,0,1688
0,0,1689
12,0,1690
12,0,1691
12,0,1692
0,0,1693
12,0,1694
12,0,1695
12,0,1696
12,0,1697
12,0,1698
12,0,1699
12,0,1700
12,0,1701
12,0,1702
12,0,1703
12,0,1704
12,0,1705
12,0,1706
0,0,1707
12,0,1708
12,0,1709
12,0,1710
12,0,1711
12,0,1712
12,0,1713
12,0,1714
0,0,1715
0,0,1716
0,0,1717
12,0,1718
12,0,1719
12,0,1720
12,0,1721
12,0,1722
0,0,1723
12,0,1724
12,0,1725
12,0,1726
12,0,1727
12,0,1728
0,0,1729
12,0,1730
12,0,1731
12,0,1732
12,0,1733
12,0,1734
12,0,1735
12,0,1736
0,0,1737
0,0,1738
0,0,1739
0,0,1740
12,0,1741
12,0,1742
12,0,1743
12,0,1744
12,0,1745
0,0,1746
12,0,1747
12,0,1748
12,0,1749
12,0,1750
12,0,1751
12,0,1752
12,0,1753
0,0,1754
0,0,1755
12,0,1756
12,0,1757
12,0,1758
12,0,1759
0,0,1760
12,0,1761
12,0,1762
12,0,1763
12,0,1764
12,0,1765
12,0,1766
12,0,1767
12,0,1768
12,0,1769
0,0,1770
0,0,1771
0,0,1772
12,0,1773
12,0,1774
12,0,1775
12,0,1776
12,0,1777
12,0,1778
12,0,1779
12,0,1780
12,0,1781
12,0,1782
12,0,1783
12,0,1784
12,0,1785
12,0,1786
0,0,1787
12,0,1788
12,0,1789
12,0,1790
0,0,1791
12,0,1792
12,0,1793
12,0,1794
0,0,1795
0,0,1796
12,0,1797
12,0,1798
12,0,1799
0,0,1800
0,0,1801
12,0,1802
12,0,1803
0,0,1804
12,0,1805
12,0,1806
12,0,1807
0,0,1808
12,0,1809
12,0,1810
12,0,1811
12,0,1812
12,0,1813
12,0,1814
12,0,1815
0,0,1816
0,0,1817
12,0,1818
12,0,1819
12,0,1820
0,0,1821
0,0,1822
0,0,1823
12,0,1824
12,0,1825
0,0,1826
12,0,1827
12,0,1828
12,0,1829
12,0,1830
12,0,1831
12,0,1832
12,0,1833
12,0,1834
12,0,1835
0,0,1836
12,0,1837
12,0,1838
12,0,1839
12,0,1840
12,0,1841
12,0,1842
12,0,1843
12,0,1844
12,0,1845
12,0,1846
12,0,1847
12,0,1848
12,0,1849
12,0,1850
0,0,1851
12,0,1852
12,0,1853
12,0,1854
12,0,1855
12,0,1856
0,0,1857
12,0,1858
12,0,1859
12,0,1860
12,0,1861
12,0,1862
12,0,1863
12,0,1864
12,0,1865
12,0,1866
12,0,1867
0,0,1868
12,0,1869
12,0,1870
12,0,1871
12,0,1872
12,0,1873
12,0,1874
12,0,1875
12,0,1876
12,0,1877
12,0,1878
12,0,1879
12,0,1880
12,0,1881
0,0,1882
12,0,1883
12,0,1884
12,0,1885
0,0,1886
12,0,1887
12,0,1888
12,0,1889
0,0,1890
0,0,1891
12,0,1892
12,0,1893
12,0,1894
0,0,1895
12,0,1896
12,0,1897
12,0,1898
12,0,1899
12,0,1900
12,0,1901
12,0,1902
12,0,1903
12,0,1904
12,0,1905
12,0,1906
12,0,1907
0,0,1908
0,0,1909
0,0,1910
12,0,1911
12,0,1912
12,0,1913
12,0,1914
12,0,1915
0,0,1916
12,0,1917
12,0,1918
12,0,1919
12,0,1920
12,0,1921
12,0,1922
0,0,1923
12,0,1924
12,0,1925
0,0,1926
12,0,1927
12,0,1928
12,0,1929
12,0,1930
12,0,1931
12,0,1932
12,0,1933
12,0,1934
12,0,1935
12,0,1936
12,0,1937
0,0,1938
12,0,1939
12,0,1940
12,0,1941
0,0,1942
0,0,1943
12,0,1944
12,0,1945
12,0,1946
12,0,1947
12,0,1948
12,0,1949
12,0,1950
0,0,1951
12,0,1952
12,0,1953
12,0,1954
12,0,1955
0,0,1956
0,0,1957
0,0,1958
12,0,1959
12,0,1960
12,0,1961
12,0,1962
12,0,1963
12,0,1964
12,0,1965
12,0,1966
12,0,1967
12,0,1968
12,0,1969
12,0,1970
12,0,1971
12,0,1972
12,0,1973
12,0,1974
12,0,1975
12,0,1976
12,0,1977
12,0,1978
0,0,1979
12,0,1980
12,0,1981
12,0,1982
12,0,1983
12,0,1984
12,0,1985
12,0,1986
0,0,1987
12,0,1988
12,0,1989
0,0,1990
0,2,1991
24,2,1992
30,2,1993
0,2,1994
18,2,1995
30,2,1996
24,2,1997
30,2,1998
24,2,1999
6,2,2000
24,2,2001
30,2,2002
12,2,2003
18,2,2004
18,2,2005
12,2,2006
18,2,2007
12,2,2008
0,2,2009
12,2,2010
0,2,2011
18,2,2012
6,2,2013
6,2,2014
18,2,2015
0,2,2016
18,2,2017
6,2,2018
12,2,2019
18,2,2020
0,2,2021
12,2,2022
6,2,2023
18,2,2024
12,2,2025
24,2,2026
36,2,2027
30,2,2028
24,2,2029
0,2,2030
24,2,2031
6,2,2032
18,2,2033
6,2,2034
18,2,2035
18,2,2036
6,2,2037
18,2,2038
6,2,2039
12,2,2040
18,2,2041
6,2,2042
12,2,2043
18,2,2044
12,2,2045
12,2,2046
12,2,2047
6,2,2048
12,2,2049
6,2,2050
12,2,2051
18,2,2052
12,2,2053
12,2,2054
24,2,2055
6,2,2056
12,2,2057
18,2,2058
12,2,2059
12,2,2060
12,2,2061
6,2,2062
18,2,2063
30,2,2064
12,2,2065
18,2,2066
18,2,2067
6,2,2068
12,2,2069
18,2,2070
6,2,2071
12,2,2072
12,2,2073
18,2,2074
12,2,2075
6,2,2076
12,2,2077
24,2,2078
0,2,2079
18,2,2080
6,2,2081
18,2,2082
0,2,2083
18,2,2084
12,2,2085
12,2,2086
24,2,2087
12,2,2088
6,2,2089
18,2,2090
0,2,2091
18,2,2092
0,2,2093
18,2,2094
18,2,2095
0,2,2096
24,2,2097
6,2,2098
18,2,2099
18,2,2100
6,2,2101
6,2,2102
18,2,2103
6,2,2104
18,2,2105
6,2,2106
12,2,2107
24,2,2108
18,2,2109
0,2,2110
12,2,2111
12,2,2112
18,2,2113
12,2,2114
6,2,2115
18,2,2116
0,2,2117
18,2,2118
12,2,2119
6,2,2120
18,2,2121
12,2,2122
6,2,2123
24,2,2124
12,2,2125
6,2,2126
12,2,2127
18,2,2128
12,2,2129
6,2,2130
24,2,2131
0,2,2132
18,2,2133
0,2,2134
18,2,2135
12,2,2136
12,2,2137
18,2,2138
30,2,2139
30,2,2140
6,2,2141
18,2,2142
6,2,2143
12,2,2144
30,2,2145
24,2,2146
18,2,2147
12,2,2148
12,2,2149
12,2,2150
0,2,2151
18,2,2152
6,2,2153
6,2,2154
12,2,2155
0,2,2156
24,2,2157
30,2,2158
6,2,2159
6,2,2160
12,2,2161
12,2,2162
12,2,2163
18,2,2164
12,2,2165
18,2,2166
24,2,2167
6,2,2168
18,2,2169
0,2,2170
30,2,2171
12,2,2172
12,2,2173
12,2,2174
18,2,2175
0,2,2176
12,2,2177
12,2,2178
18,2,2179
24,2,2180
0,2,2181
12,2,2182
6,2,2183
12,2,2184
18,2,2185
6,2,2186
18,2,2187
0,2,2188
18,2,2189
12,2,2190
18,2,2191
12,2,2192
6,2,2193
12,2,2194
18,2,2195
0,2,2196
18,2,2197
6,2,2198
18,2,2199
36,2,2200
18,2,2201
6,2,2202
6,2,2203
12,2,2204
6,2,2205
18,2,2206
12,2,2207
6,2,2208
18,2,2209
0,2,2210
12,2,2211
6,2,2212
18,2,2213
18,2,2214
6,2,2215
12,2,2216
6,2,2217
18,2,2218
18,2,2219
12,2,2220
12,2,2221
24,2,2222
24,2,2223
24,2,2224
30,2,2225
0,2,2226
12,2,2227
12,2,2228
12,2,2229
18,2,2230
0,2,2231
24,2,2232
0,2,2233
24,2,2234
0,2,2235
12,2,2236
12,2,2237
12,2,2238
18,2,2239
6,2,2240
24,2,2241
18,2,2242
6,2,2243
18,2,2244
18,2,2245
6,2,2246
12,2,2247
24,2,2248
18,2,2249
12,2,2250
12,2,2251
18,2,2252
6,2,2253
12,2,2254
6,2,2255
18,2,2256
6,2,2257
6,2,2258
24,2,2259
6,2,2260
24,2,2261
30,2,2262
6,2,2263
30,2,2264
24,2,2265
6,2,2266
24,2,2267
6,2,2268
18,2,2269
30,2,2270
12,2,2271
6,2,2272
18,2,2273
12,2,2274
18,2,2275
18,2,2276
18,2,2277
6,2,2278
12,2,2279
24,2,2280
0,2,2281
24,2,2282
30,2,2283
12,2,2284
12,2,2285
24,2,2286
6,2,2287
18,2,2288
24,2,2289
12,2,2290
18,2,2291
12,2,2292
36,2,2293
18,2,2294
6,2,2295
24,2,2296
30,2,2297
6,2,2298
12,2,2299
6,2,2300
12,2,2301
24,2,2302
12,2,2303
6,2,2304
24,2,2305
6,2,2306
12,2,2307
0,2,2308
18,2,2309
30,2,2310
0,2,2311
24,2,2312
36,2,2313
12,2,2314
30,2,2315
6,2,2316
6,2,2317
24,2,2318
24,2,2319
24,2,2320
6,2,2321
12,2,2322
0,2,2323
12,2,2324
6,2,2325
18,2,2326
18,2,2327
0,2,2328
12,2,2329
30,2,2330
6,2,2331
24,2,2332
18,2,2333
24,2,2334
12,2,2335
12,2,2336
18,2,2337
30,2,2338
12,2,2339
12,2,2340
24,2,2341
12,2,2342
6,2,2343
12,2,2344
18,2,2345
12,2,2346
18,2,2347
30,2,2348
18,2,2349
36,2,2350
24,2,2351
6,2,2352
24,2,2353
0,2,2354
30,2,2355
24,2,2356
0,2,2357
12,2,2358
30,2,2359
6,2,2360
18,2,2361
0,2,2362
24,2,2363
0,2,2364
30,2,2365
18,2,2366
30,2,2367
12,2,2368
6,2,2369
18,2,2370
12,2,2371
6,2,2372
18,2,2373
0,2,2374
18,2,2375
6,2,2376
18,2,2377
24,2,2378
18,2,2379
6,2,2380
12,2,2381
18,2,2382
12,2,2383
18,2,2384
12,2,2385
12,2,2386
6,2,2387
12,2,2388
24,2,2389
6,2,2390
24,2,2391
30,2,2392
6,2,2393
18,2,2394
30,2,2395
0,2,2396
18,2,2397
12,2,2398
6,2,2399
12,2,2400
36,2,2401
24,2,2402
12,2,2403
12,2,2404
24,2,2405
30,2,2406
30,2,2407
0,2,2408
24,2,2409
18,2,2410
0,2,2411
18,2,2412
36,2,2413
24,2,2414
12,2,2415
18,2,2416
12,2,2417
6,2,2418
18,2,2419
18,2,2420
6,2,2421
18,2,2422
30,2,2423
24,2,2424
12,2,2425
6,2,2426
18,2,2427
6,2,2428
6,2,2429
18,2,2430
18,2,2431
24,2,2432
6,2,2433
6,2,2434
12,2,2435
0,2,2436
18,2,2437
0,2,2438
18,2,2439
18,2,2440
12,2,2441
12,2,2442
18,2,2443
0,2,2444
18,2,2445
6,2,2446
18,2,2447
24,2,2448
12,2,2449
12,2,2450
18,2,2451
36,2,2452
18,2,2453
24,2,2454
6,2,2455
12,2,2456
12,2,2457
12,2,2458
12,2,2459
6,2,2460
18,2,2461
0,2,2462
18,2,2463
12,2,2464
18,2,2465
18,2,2466
6,2,2467
12,2,2468
18,2,2469
12,2,2470
12,2,2471
18,2,2472
30,2,2473
6,2,2474
18,2,2475
18,2,2476
30,2,2477
6,2,2478
18,2,2479
6,2,2480
12,2,2481
0,2,2482
12,2,2483
24,2,2484
0,2,2485
24,2,2486
6,2,2487
18,2,2488
24,2,2489
12,2,2490
12,2,2491
12,2,2492
18,2,2493
6,2,2494
12,2,2495
30,2,2496
12,2,2497
6,2,2498
12,2,2499
30,2,2500
12,2,2501
12,2,2502
24,2,2503
30,2,2504
0,2,2505
12,2,2506
12,2,2507
6,2,2508
24,2,2509
12,2,2510
12,2,2511
24,2,2512
18,2,2513
24,2,2514
18,2,2515
6,2,2516
18,2,2517
18,2,2518
6,2,2519
12,2,2520
12,2,2521
30,2,2522
0,2,2523
18,2,2524
0,2,2525
12,2,2526
12,2,2527
12,2,2528
30,2,2529
18,2,2530
0,2,2531
18,2,2532
18,2,2533
0,2,2534
24,2,2535
12,2,2536
12,2,2537
18,2,2538
6,2,2539
24,2,2540
6,2,2541
12,2,2542
18,2,2543
30,2,2544
0,2,2545
18,2,2546
30,2,2547
12,2,2548
18,2,2549
18,2,2550
6,2,2551
6,2,2552
12,2,2553
6,2,2554
18,2,2555
6,2,2556
18,2,2557
12,2,2558
18,2,2559
18,2,2560
12,2,2561
12,2,2562
24,2,2563
24,2,2564
6,2,2565
18,2,2566
30,2,2567
24,2,2568
6,2,2569
18,2,2570
0,2,2571
12,2,2572
30,2,2573
30,2,2574
30,2,2575
6,2,2576
12,2,2577
12,2,2578
12,2,2579
24,2,2580
12,2,2581
12,2,2582
18,2,2583
6,2,2584
18,2,2585
24,2,2586
30,2,2587
24,2,2588
0,2,2589
12,2,2590
6,2,2591
6,2,2592
24,2,2593
12,2,2594
12,2,2595
12,2,2596
18,2,2597
6,2,2598
12,2,2599
24,2,2600
6,2,2601
6,2,2602
12,2,2603
6,2,2604
12,2,2605
12,2,2606
12,2,2607
18,2,2608
12,2,2609
12,2,2610
18,2,2611
18,2,2612
24,2,2613
6,2,2614
12,2,2615
24,2,2616
6,2,2617
18,2,2618
0,2,2619
18,2,2620
0,2,2621
18,2,2622
0,2,2623
12,2,2624
6,2,2625
24,2,2626
6,2,2627
6,2,2628
24,2,2629
0,2,2630
24,2,2631
12,2,2632
12,2,2633
24,2,2634
6,2,2635
12,2,2636
12,2,2637
18,2,2638
0,2,2639
18,2,2640
36,2,2641
12,2,2642
6,2,2643
12,2,2644
18,2,2645
30,2,2646
12,2,2647
12,2,2648
18,2,2649
0,2,2650
12,2,2651
30,2,2652
0,2,2653
12,2,2654
6,2,2655
12,2,2656
12,2,2657
12,2,2658
18,2,2659
6,2,2660
6,2,2661
12,2,2662
6,2,2663
18,2,2664
18,2,2665
6,2,2666
18,2,2667
36,2,2668
12,2,2669
0,2,2670
18,2,2671
6,2,2672
24,2,2673
12,2,2674
12,2,2675
18,2,2676
0,2,2677
18,2,2678
30,2,2679
30,2,2680
6,2,2681
18,2,2682
6,2,2683
12,2,2684
18,2,2685
6,2,2686
6,2,2687
18,2,2688
6,2,2689
6,2,2690
18,2,2691
6,2,2692
18,2,2693
0,2,2694
18,2,2695
12,2,2696
12,2,2697
24,2,2698
6,2,2699
12,2,2700
12,2,2701
6,2,2702
18,2,2703
24,2,2704
0,2,2705
18,2,2706
6,2,2707
24,2,2708
6,2,2709
18,2,2710
18,2,2711
6,2,2712
12,2,2713
18,2,2714
12,2,2715
6,2,2716
24,2,2717
6,2,2718
18,2,2719
0,2,2720
18,2,2721
0,2,2722
24,2,2723
12,2,2724
18,2,2725
18,2,2726
36,2,2727
24,2,2728
12,2,2729
6,2,2730
24,2,2731
18,2,2732
24,2,2733
0,2,2734
30,2,2735
12,2,2736
6,2,2737
18,2,2738
6,2,2739
12,2,2740
18,2,2741
0,2,2742
24,2,2743
30,2,2744
6,2,2745
12,2,2746
18,2,2747
6,2,2748
6,2,2749
18,2,2750
6,2,2751
18,2,2752
18,2,2753
6,2,2754
18,2,2755
12,2,2756
6,2,2757
18,2,2758
6,2,2759
12,2,2760
12,2,2761
30,2,2762
6,2,2763
24,2,2764
0,2,2765
18,2,2766
12,2,2767
12,2,2768
18,2,2769
6,2,2770
12,2,2771
18,2,2772
12,2,2773
6,2,2774
18,2,2775
12,2,2776
6,2,2777
12,2,2778
30,2,2779
6,2,2780
12,2,2781
24,2,2782
24,2,2783
12,2,2784
18,2,2785
18,2,2786
30,2,2787
6,2,2788
18,2,2789
18,2,2790
12,2,2791
12,2,2792
18,2,2793
24,2,2794
6,2,2795
18,2,2796
12,2,2797
6,2,2798
18,2,2799
6,2,2800
18,2,2801
6,2,2802
6,2,2803
24,2,2804
24,2,2805
0,2,2806
12,2,2807
0,2,2808
18,2,2809
0,2,2810
18,2,2811
6,2,2812
18,2,2813
12,2,2814
36,2,2815
18,2,2816
0,2,2817
24,2,2818
12,2,2819
0,2,2820
24,2,2821
18,2,2822
0,2,2823
18,2,2824
24,2,2825
30,2,2826
6,2,2827
18,2,2828
18,2,2829
6,2,2830
12,2,2831
12,2,2832
18,2,2833
6,2,2834
18,2,2835
30,2,2836
24,2,2837
6,2,2838
12,2,2839
18,2,2840
6,2,2841
6,2,2842
12,2,2843
0,2,2844
24,2,2845
6,2,2846
12,2,2847
18,2,2848
30,2,2849
0,2,2850
12,2,2851
6,2,2852
12,2,2853
12,2,2854
6,2,2855
12,2,2856
6,2,2857
12,2,2858
24,2,2859
6,2,2860
30,2,2861
12,2,2862
0,2,2863
12,2,2864
30,2,2865
0,2,2866
30,2,2867
12,2,2868
6,2,2869
12,2,2870
18,2,2871
36,2,2872
12,2,2873
0,2,2874
18,2,2875
6,2,2876
12,2,2877
6,2,2878
24,2,2879
24,2,2880
12,2,2881
18,2,2882
12,2,2883
12,2,2884
12,2,2885
24,2,2886
6,2,2887
24,2,2888
0,2,2889
18,2,2890
6,2,2891
12,2,2892
18,2,2893
0,2,2894
12,2,2895
36,2,2896
12,2,2897
24,2,2898
36,2,2899
24,2,2900
0,2,2901
18,2,2902
6,2,2903
12,2,2904
30,2,2905
30,2,2906
12,2,2907
12,2,2908
12,2,2909
18,2,2910
30,2,2911
12,2,2912
12,2,2913
12,2,2914
6,2,2915
24,2,2916
30,2,2917
30,2,2918
6,2,2919
6,2,2920
24,2,2921
6,2,2922
18,2,2923
12,2,2924
12,2,2925
6,2,2926
12,2,2927
12,2,2928
12,2,2929
18,2,2930
30,2,2931
6,2,2932
12,2,2933
12,2,2934
12,2,2935
18,2,2936
18,2,2937
6,2,2938
24,2,2939
12,2,2940
18,2,2941
24,2,2942
12,2,2943
6,2,2944
6,2,2945
18,2,2946
0,2,2947
12,2,2948
6,2,2949
18,2,2950
6,2,2951
12,2,2952
36,2,2953
12,2,2954
36,2,2955
18,2,2956
24,2,2957
24,2,2958
30,2,2959
12,2,2960
6,2,2961
6,2,2962
18,2,2963
24,2,2964
12,2,2965
18,2,2966
18,2,2967
36,2,2968
18,2,2969
6,2,2970
12,2,2971
24,2,2972
24,2,2973
12,2,2974
18,2,2975
24,2,2976
30,2,2977
12,2,2978
18,2,2979
12,2,2980
6,2,2981
24,2,2982
12,2,2983
18,2,2984
18,2,2985
6,2,2986
18,2,2987
6,2,2988
18,2,2989
12,2,2990
6,2,2991
6,2,2992
18,2,2993
6,2,2994
24,2,2995
18,2,2996
12,2,2997
12,2,2998
24,2,2999
12,2,3000
12,2,3001
18,2,3002
24,2,3003
0,2,3004
12,2,3005
30,2,3006
12,2,3007
12,2,3008
18,2,3009
12,2,3010
18,2,3011
12,2,3012
0,2,3013
18,2,3014
6,2,3015
18,2,3016
18,2,3017
12,2,3018
12,2,3019
18,2,3020
12,2,3021
6,2,3022
12,2,3023
30,2,3024
0,2,3025
18,2,3026
6,2,3027
24,2,3028
0,2,3029
24,2,3030
18,2,3031
30,2,3032
6,2,3033
18,2,3034
0,2,3035
18,2,3036
30,2,3037
12,2,3038
12,2,3039
18,2,3040
30,2,3041
12,2,3042
6,2,3043
18,2,3044
6,2,3045
18,2,3046
24,2,3047
0,2,3048
18,2,3049
6,2,3050
18,2,3051
12,2,3052
12,2,3053
12,2,3054
6,2,3055
12,2,3056
24,2,3057
18,2,3058
12,2,3059
12,2,3060
18,2,3061
6,2,3062
18,2,3063
0,2,3064
18,2,3065
6,2,3066
18,2,3067
18,2,3068
12,2,3069
0,2,3070
18,2,3071
6,2,3072
18,2,3073
6,2,3074
18,2,3075
24,2,3076
24,2,3077
24,2,3078
0,2,3079
24,2,3080
24,2,3081
6,2,3082
12,2,3083
12,2,3084
6,2,3085
12,2,3086
18,2,3087
12,2,3088
12,2,3089
18,2,3090
12,2,3091
12,2,3092
18,2,3093
12,2,3094
6,2,3095
12,2,3096
24,2,3097
6,2,3098
12,2,3099
30,2,3100
0,2,3101
12,2,3102
6,2,3103
18,2,3104
24,2,3105
6,2,3106
18,2,3107
24,2,3108
0,2,3109
12,2,3110
30,2,3111
6,2,3112
12,2,3113
12,2,3114
12,2,3115
12,2,3116
6,2,3117
18,2,3118
30,2,3119
12,2,3120
6,2,3121
24,2,3122
0,2,3123
18,2,3124
0,2,3125
18,2,3126
30,2,3127
0,2,3128
18,2,3129
12,2,3130
12,2,3131
24,2,3132
0,2,3133
12,2,3134
30,2,3135
6,2,3136
6,2,3137
18,2,3138
30,2,3139
6,2,3140
12,2,3141
24,2,3142
30,2,3143
12,2,3144
12,2,3145
18,2,3146
0,2,3147
18,2,3148
6,2,3149
18,2,3150
6,2,3151
24,2,3152
6,2,3153
18,2,3154
6,2,3155
18,2,3156
0,2,3157
24,2,3158
6,2,3159
18,2,3160
6,2,3161
18,2,3162
6,2,3163
12,2,3164
12,2,3165
12,2,3166
12,2,3167
18,2,3168
0,2,3169
18,2,3170
12,2,3171
6,2,3172
24,2,3173
24,2,3174
12,2,3175
12,2,3176
12,2,3177
30,2,3178
30,2,3179
6,2,3180
18,2,3181
0,2,3182
24,2,3183
18,2,3184
12,2,3185
6,2,3186
18,2,3187
24,2,3188
0,2,3189
24,2,3190
0,2,3191
18,2,3192
6,2,3193
12,2,3194
18,2,3195
12,2,3196
12,2,3197
24,2,3198
12,2,3199
0,2,3200
24,2,3201
6,2,3202
18,2,3203
24,2,3204
6,2,3205
12,2,3206
6,2,3207
18,2,3208
12,2,3209
12,2,3210
18,2,3211
0,2,3212
12,2,3213
30,2,3214
0,2,3215
24,2,3216
18,2,3217
30,2,3218
12,2,3219
12,2,3220
24,2,3221
12,2,3222
12,2,3223
18,2,3224
24,2,3225
30,2,3226
0,2,3227
18,2,3228
6,2,3229
12,2,3230
24,2,3231
18,2,3232
30,2,3233
12,2,3234
18,2,3235
24,2,3236
12,2,3237
6,2,3238
24,2,3239
24,2,3240
18,2,3241
12,2,3242
12,2,3243
18,2,3244
6,2,3245
18,2,3246
0,2,3247
18,2,3248
30,2,3249
12,2,3250
18,2,3251
18,2,3252
12,2,3253
12,2,3254
18,2,3255
6,2,3256
6,2,3257
30,2,3258
12,2,3259
24,2,3260
6,2,3261
12,2,3262
18,2,3263
12,2,3264
6,2,3265
18,2,3266
6,2,3267
18,2,3268
18,2,3269
0,2,3270
12,2,3271
30,2,3272
30,2,3273
6,2,3274
18,2,3275
12,2,3276
0,2,3277
24,2,3278
6,2,3279
24,2,3280
30,2,3281
6,2,3282
18,2,3283
6,2,3284
18,2,3285
30,2,3286
12,2,3287
12,2,3288
24,2,3289
18,2,3290
0,2,3291
24,2,3292
24,2,3293
24,2,3294
36,2,3295
24,2,3296
6,2,3297
24,2,3298
0,2,3299
18,2,3300
36,2,3301
18,2,3302
30,2,3303
0,2,3304
18,2,3305
12,2,3306
6,2,3307
24,2,3308
6,2,3309
24,2,3310
0,2,3311
24,2,3312
24,2,3313
0,2,3314
12,2,3315
0,2,3316
18,2,3317
30,2,3318
12,2,3319
6,2,3320
24,2,3321
24,2,3322
6,2,3323
24,2,3324
30,2,3325
6,2,3326
24,2,3327
18,2,3328
12,2,3329
6,2,3330
24,2,3331
6,2,3332
6,2,3333
12,2,3334
0,2,3335
12,2,3336
0,2,3337
18,2,3338
6,2,3339
30,2,3340
18,2,3341
6,2,3342
24,2,3343
6,2,3344
18,2,3345
18,2,3346
6,2,3347
18,2,3348
12,2,3349
6,2,3350
12,2,3351
0,2,3352
12,2,3353
12,2,3354
12,2,3355
24,2,3356
24,2,3357
12,2,3358
6,2,3359
24,2,3360
24,2,3361
30,2,3362
6,2,3363
6,2,3364
12,2,3365
6,2,3366
6,2,3367
18,2,3368
24,2,3369
24,2,3370
30,2,3371
0,2,3372
24,2,3373
6,2,3374
12,2,3375
24,2,3376
6,2,3377
18,2,3378
18,2,3379
30,2,3380
6,2,3381
6,2,3382
24,2,3383
18,2,3384
36,2,3385
18,2,3386
6,2,3387
24,2,3388
18,2,3389
6,2,3390
12,2,3391
0,2,3392
24,2,3393
30,2,3394
30,2,3395
6,2,3396
6,2,3397
12,2,3398
6,2,3399
24,2,3400
6,2,3401
24,2,3402
0,2,3403
18,2,3404
0,2,3405
18,2,3406
12,2,3407
6,2,3408
18,2,3409
12,2,3410
0,2,3411
30,2,3412
12,2,3413
6,2,3414
12,2,3415
18,2,3416
12,2,3417
12,2,3418
18,2,3419
30,2,3420
12,2,3421
18,2,3422
24,2,3423
6,2,3424
18,2,3425
12,2,3426
0,2,3427
24,2,3428
30,2,3429
6,2,3430
18,2,3431
6,2,3432
12,2,3433
24,2,3434
18,2,3435
18,2,3436
30,2,3437
6,2,3438
12,2,3439
24,2,3440
6,2,3441
18,2,3442
12,2,3443
18,2,3444
30,2,3445
24,2,3446
24,2,3447
12,2,3448
18,2,3449
18,2,3450
12,2,3451
12,2,3452
18,2,3453
12,2,3454
18,2,3455
18,2,3456
12,2,3457
6,2,3458
12,2,3459
12,2,3460
12,2,3461
18,2,3462
12,2,3463
12,2,3464
18,2,3465
30,2,3466
18,2,3467
18,2,3468
30,2,3469
6,2,3470
12,2,3471
24,2,3472
12,2,3473
12,2,3474
24,2,3475
12,2,3476
6,2,3477
12,2,3478
30,2,3479
24,2,3480
12,2,3481
12,2,3482
12,2,3483
18,2,3484
12,2,3485
18,2,3486
18,2,3487
18,2,3488
6,2,3489
12,2,3490
12,2,3491
0,2,3492
18,2,3493
6,2,3494
12,2,3495
24,2,3496
6,2,3497
6,2,3498
18,2,3499
6,2,3500
6,2,3501
12,2,3502
6,2,3503
18,2,3504
6,2,3505
12,2,3506
18,2,3507
0,2,3508
12,2,3509
30,2,3510
30,2,3511
18,2,3512
30,2,3513
6,2,3514
18,2,3515
6,2,3516
18,2,3517
12,2,3518
6,2,3519
24,2,3520
30,2,3521
36,2,3522
12,2,3523
30,2,3524
0,2,3525
18,2,3526
0,2,3527
24,2,3528
18,2,3529
30,2,3530
0,2,3531
24,2,3532
36,2,3533
18,2,3534
0,2,3535
12,2,3536
6,2,3537
18,2,3538
12,2,3539
18,2,3540
12,2,3541
12,2,3542
18,2,3543
18,2,3544
6,2,3545
12,2,3546
0,2,3547
24,2,3548
0,2,3549
18,2,3550
6,2,3551
6,2,3552
18,2,3553
6,2,3554
24,2,3555
0,2,3556
18,2,3557
6,2,3558
24,2,3559
6,2,3560
18,2,3561
12,2,3562
12,2,3563
18,2,3564
0,2,3565
12,2,3566
30,2,3567
30,2,3568
0,2,3569
12,2,3570
6,2,3571
18,2,3572
0,2,3573
24,2,3574
12,2,3575
12,2,3576
18,2,3577
6,2,3578
18,2,3579
0,2,3580
18,2,3581
36,2,3582
18,2,3583
6,2,3584
12,2,3585
18,2,3586
6,2,3587
12,2,3588
18,2,3589
12,2,3590
12,2,3591
18,2,3592
12,2,3593
6,2,3594
18,2,3595
0,2,3596
18,2,3597
6,2,3598
18,2,3599
24,2,3600
0,2,3601
12,2,3602
0,2,3603
18,2,3604
0,2,3605
24,2,3606
0,2,3607
18,2,3608
18,2,3609
6,2,3610
24,2,3611
18,2,3612
6,2,3613
18,2,3614
18,2,3615
6,2,3616
18,2,3617
30,2,3618
18,2,3619
30,2,3620
6,2,3621
24,2,3622
0,2,3623
12,2,3624
0,2,3625
18,2,3626
12,2,3627
18,2,3628
18,2,3629
0,2,3630
24,2,3631
12,2,3632
12,2,3633
12,2,3634
36,2,3635
12,2,3636
24,2,3637
12,2,3638
6,2,3639
18,2,3640
0,2,3641
18,2,3642
0,2,3643
18,2,3644
12,2,3645
12,2,3646
18,2,3647
12,2,3648
12,2,3649
24,2,3650
30,2,3651
12,2,3652
6,2,3653
24,2,3654
30,2,3655
6,2,3656
18,2,3657
18,2,3658
6,2,3659
6,2,3660
12,2,3661
12,2,3662
18,2,3663
24,2,3664
30,2,3665
12,2,3666
12,2,3667
30,2,3668
24,2,3669
6,2,3670
24,2,3671
0,2,3672
24,2,3673
12,2,3674
12,2,3675
24,2,3676
6,2,3677
24,2,3678
18,2,3679
24,2,3680
12,2,3681
12,2,3682
24,2,3683
30,2,3684
6,2,3685
18,2,3686
0,2,3687
24,2,3688
0,2,3689
18,2,3690
6,2,3691
12,2,3692
12,2,3693
6,2,3694
12,2,3695
0,2,3696
12,2,3697
24,2,3698
0,2,3699
24,2,3700
6,2,3701
18,2,3702
18,2,3703
0,2,3704
24,2,3705
30,2,3706
36,2,3707
24,2,3708
12,2,3709
18,2,3710
24,2,3711
6,2,3712
12,2,3713
30,2,3714
12,2,3715
6,2,3716
24,2,3717
0,2,3718
18,2,3719
30,2,3720
6,2,3721
24,2,3722
0,2,3723
12,2,3724
6,2,3725
12,2,3726
18,2,3727
36,2,3728
24,2,3729
30,2,3730
12,2,3731
12,2,3732
6,2,3733
12,2,3734
0,2,3735
24,2,3736
18,2,3737
6,2,3738
12,2,3739
6,2,3740
12,2,3741
12,2,3742
12,2,3743
24,2,3744
12,2,3745
30,2,3746
0,2,3747
18,2,3748
0,2,3749
18,2,3750
24,2,3751
6,2,3752
12,2,3753
18,2,3754
12,2,3755
12,2,3756
18,2,3757
6,2,3758
12,2,3759
18,2,3760
36,2,3761
30,2,3762
18,2,3763
0,2,3764
18,2,3765
12,2,3766
6,2,3767
12,2,3768
6,2,3769
12,2,3770
12,2,3771
12,2,3772
18,2,3773
18,2,3774
6,2,3775
12,2,3776
18,2,3777
24,2,3778
6,2,3779
12,2,3780
18,2,3781
24,2,3782
12,2,3783
18,2,3784
12,2,3785
36,2,3786
24,2,3787
12,2,3788
12,2,3789
24,2,3790
18,2,3791
18,2,3792
6,2,3793
18,2,3794
30,2,3795
12,2,3796
12,2,3797
24,2,3798
24,2,3799
6,2,3800
12,2,3801
6,2,3802
12,2,3803
12,2,3804
6,2,3805
12,2,3806
30,2,3807
30,2,3808
12,2,3809
12,2,3810
24,2,3811
24,2,3812
18,2,3813
24,2,3814
6,2,3815
12,2,3816
30,2,3817
0,2,3818
24,2,3819
12,2,3820
12,2,3821
18,2,3822
0,2,3823
18,2,3824
6,2,3825
24,2,3826
12,2,3827
12,2,3828
18,2,3829
18,2,3830
6,2,3831
6,2,3832
12,2,3833
6,2,3834
6,2,3835
18,2,3836
12,2,3837
12,2,3838
24,2,3839
6,2,3840
18,2,3841
24,2,3842
12,2,3843
6,2,3844
12,2,3845
6,2,3846
12,2,3847
30,2,3848
6,2,3849
18,2,3850
24,2,3851
12,2,3852
12,2,3853
12,2,3854
6,2,3855
18,2,3856
0,2,3857
18,2,3858
12,2,3859
6,2,3860
24,2,3861
6,2,3862
12,2,3863
12,2,3864
6,2,3865
18,2,3866
12,2,3867
12,2,3868
24,2,3869
12,2,3870
18,2,3871
24,2,3872
30,2,3873
12,2,3874
12,2,3875
30,2,3876
18,2,3877
6,2,3878
12,2,3879
12,2,3880
30,2,3881
18,2,3882
6,2,3883
6,2,3884
18,2,3885
30,2,3886
6,2,3887
18,2,3888
6,2,3889
18,2,3890
0,2,3891
18,2,3892
0,2,3893
12,2,3894
6,2,3895
18,2,3896
0,2,3897
30,2,3898
18,2,3899
18,2,3900
18,2,3901
6,2,3902
12,2,3903
24,2,3904
0,2,3905
12,2,3906
30,2,3907
12,2,3908
6,2,3909
24,2,3910
6,2,3911
12,2,3912
18,2,3913
30,2,3914
6,2,3915
12,2,3916
30,2,3917
12,2,3918
12,2,3919
18,2,3920
12,2,3921
12,2,3922
24,2,3923
6,2,3924
12,2,3925
18,2,3926
6,2,3927
24,2,3928
24,2,3929
6,2,3930
12,2,3931
18,2,3932
36,2,3933
12,2,3934
12,2,3935
12,2,3936
24,2,3937
6,2,3938
12,2,3939
0,2,3940
30,2,3941
18,2,3942
0,2,3943
12,2,3944
0,2,3945
18,2,3946
30,2,3947
24,2,3948
24,2,3949
6,2,3950
18,2,3951
6,2,3952
12,2,3953
6,2,3954
12,2,3955
18,2,3956
24,2,3957
12,2,3958
12,2,3959
18,2,3960
6,2,3961
12,2,3962
12,2,3963
12,2,3964
12,2,3965
18,2,3966
6,2,3967
12,2,3968
24,2,3969
18,2,3970
6,2,3971
24,2,3972
6,2,3973
12,2,3974
12,2,3975
0,2,3976
30,2,3977
18,2,3978
0,2,3979
0,0,0
0,0,0
12,4,3982
16,6,3983
12,6,3984
16,10,3985
24,6,3986
32,6,3987
24,6,3988
24,6,3989
12,6,3990
12,6,3991
16,6,3992
20,6,3993
0,4,3994
12,4,3995
20,4,3996
0,6,3997
8,6,3998
20,10,3999
12,6,4000
20,6,4001
12,4,4002
8,10,4003
4,10,4004
16,10,4005
8,10,4006
8,10,4007
16,6,4008
8,6,4009
20,6,4010
12,6,4011
12,6,4012
20,10,4013
16,6,4014
28,10,4015
20,10,4016
24,6,4017
24,4,4018
20,6,4019
12,6,4020
20,6,4021
12,6,4022
12,6,4023
20,4,4024
8,6,4025
12,6,4026
20,6,4027
12,6,4028
12,6,4029
0,10,4030
12,10,4031
16,10,4032
4,6,4033
20,6,4034
16,6,4035
0,6,4036
20,6,4037
12,10,4038
12,6,4039
16,10,4040
0,10,4041
20,6,4042
16,6,4043
4,6,4044
12,10,4045
12,6,4046
4,6,4047
16,6,4048
12,6,4049
0,6,4050
12,8,4051
16,6,4052
8,6,4053
24,6,4054
12,4,4055
0,6,4056
12,6,4057
16,6,4058
0,10,4059
8,10,4060
12,10,4061
16,6,4062
20,6,4063
4,6,4064
12,6,4065
12,10,4066
4,6,4067
16,6,4068
16,6,4069
16,6,4070
12,6,4071
8,8,4072
16,6,4073
20,6,4074
16,4,4075
0,6,4076
12,6,4077
12,6,4078
4,6,4079
20,10,4080
20,6,4081
12,6,4082
12,10,4083
20,10,4084
28,6,4085
12,10,4086
16,10,4087
8,6,4088
4,10,4089
8,6,4090
16,10,4091
0,10,4092
16,10,4093
12,6,4094
12,6,4095
20,6,4096
8,6,4097
16,6,4098
16,10,4099
12,6,4100
12,10,4101
12,10,4102
4,6,4103
8,6,4104
16,6,4105
12,6,4106
12,6,4107
12,6,4108
8,10,4109
4,6,4110
24,6,4111
12,6,4112
4,6,4113
20,6,4114
20,6,4115
16,6,4116
0,10,4117
20,6,4118
12,6,4119
4,6,4120
20,10,4121
16,6,4122
8,10,4123
12,6,4124
16,10,4125
16,6,4126
0,6,4127
16,6,4128
24,6,4129
16,6,4130
20,6,4131
12,6,4132
12,10,4133
4,10,4134
20,4,4135
20,6,4136
16,10,4137
16,6,4138
0,6,4139
20,6,4140
20,6,4141
20,4,4142
12,6,4143
4,6,4144
20,6,4145
24,6,4146
12,10,4147
12,4,4148
16,6,4149
4,6,4150
16,6,4151
16,6,4152
0,6,4153
12,6,4154
20,4,4155
4,6,4156
12,6,4157
8,6,4158
12,8,4159
16,6,4160
20,6,4161
24,6,4162
12,10,4163
4,6,4164
16,10,4165
12,10,4166
16,6,4167
16,6,4168
4,6,4169
8,6,4170
12,6,4171
16,6,4172
16,10,4173
4,6,4174
16,8,4175
16,6,4176
8,6,4177
16,6,4178
12,6,4179
12,6,4180
4,6,4181
12,6,4182
24,4,4183
4,4,4184
20,6,4185
12,10,4186
20,6,4187
20,6,4188
12,4,4189
20,10,4190
24,6,4191
16,6,4192
4,6,4193
24,6,4194
20,10,4195
0,10,4196
16,6,4197
24,6,4198
16,6,4199
16,6,4200
16,6,4201
16,10,4202
4,6,4203
12,6,4204
20,6,4205
16,6,4206
20,4,4207
4,10,4208
12,6,4209
16,6,4210
4,4,4211
16,10,4212
28,6,4213
20,6,4214
16,6,4215
12,6,4216
16,10,4217
20,10,4218
0,6,4219
16,6,4220
12,6,4221
16,6,4222
8,6,4223
12,10,4224
12,8,4225
16,6,4226
20,10,4227
0,6,4228
16,6,4229
12,6,4230
20,6,4231
24,6,4232
16,6,4233
8,4,4234
12,6,4235
12,10,4236
4,6,4237
20,6,4238
24,6,4239
16,10,4240
0,6,4241
20,6,4242
16,10,4243
12,6,4244
20,6,4245
16,4,4246
12,6,4247
4,6,4248
20,6,4249
12,6,4250
16,6,4251
16,6,4252
12,6,4253
20,6,4254
16,6,4255
12,6,4256
12,6,4257
8,6,4258
16,6,4259
16,10,4260
12,6,4261
0,6,4262
12,10,4263
12,10,4264
4,6,4265
12,6,4266
20,10,4267
16,10,4268
4,10,4269
16,10,4270
8,6,4271
12,10,4272
16,4,4273
12,6,4274
0,6,4275
16,6,4276
12,6,4277
0,10,4278
8,4,4279
12,6,4280
0,6,4281
8,6,4282
24,10,4283
24,6,4284
16,6,4285
12,6,4286
12,6,4287
12,6,4288
12,6,4289
12,10,4290
4,6,4291
16,10,4292
16,6,4293
0,6,4294
24,6,4295
8,6,4296
8,6,4297
16,10,4298
12,10,4299
20,10,4300
16,6,4301
12,6,4302
20,6,4303
24,6,4304
28,4,4305
12,6,4306
4,6,4307
20,10,4308
28,6,4309
28,6,4310
16,6,4311
8,8,4312
20,6,4313
16,6,4314
20,4,4315
4,6,4316
12,6,4317
16,6,4318
12,10,4319
20,10,4320
12,6,4321
16,6,4322
24,10,4323
24,10,4324
12,6,4325
4,6,4326
12,6,4327
16,6,4328
12,6,4329
0,8,4330
20,6,4331
28,6,4332
16,6,4333
4,6,4334
16,6,4335
8,10,4336
0,4,4337
20,6,4338
24,6,4339
24,6,4340
20,6,4341
8,6,4342
16,6,4343
12,6,4344
20,4,4345
20,6,4346
16,6,4347
16,6,4348
20,10,4349
12,6,4350
16,6,4351
12,10,4352
16,6,4353
12,6,4354
16,10,4355
16,6,4356
20,6,4357
16,6,4358
0,8,4359
16,6,4360
20,6,4361
0,6,4362
20,6,4363
12,6,4364
16,6,4365
12,10,4366
4,4,4367
20,6,4368
24,6,4369
16,6,4370
0,10,4371
20,6,4372
12,10,4373
4,6,4374
12,6,4375
24,6,4376
0,6,4377
20,10,4378
20,10,4379
12,10,4380
12,6,4381
20,6,4382
12,6,4383
16,6,4384
16,10,4385
20,6,4386
16,6,4387
28,6,4388
20,6,4389
8,6,4390
28,6,4391
24,6,4392
8,6,4393
4,6,4394
16,6,4395
20,6,4396
16,6,4397
16,6,4398
24,6,4399
24,6,4400
12,6,4401
16,4,4402
24,6,4403
20,4,4404
12,6,4405
4,6,4406
8,6,4407
16,10,4408
4,6,4409
12,6,4410
20,4,4411
4,10,4412
16,6,4413
16,4,4414
12,6,4415
0,6,4416
16,10,4417
20,6,4418
4,10,4419
20,6,4420
24,10,4421
28,4,4422
16,6,4423
4,6,4424
16,10,4425
16,10,4426
16,6,4427
16,6,4428
20,6,4429
28,6,4430
20,6,4431
4,6,4432
12,6,4433
8,10,4434
16,6,4435
12,4,4436
4,6,4437
12,4,4438
8,6,4439
4,6,4440
16,6,4441
16,10,4442
24,6,4443
24,10,4444
12,6,4445
8,6,4446
16,6,4447
0,6,4448
12,6,4449
20,6,4450
12,6,4451
16,6,4452
16,6,4453
16,10,4454
4,6,4455
8,4,4456
16,6,4457
4,6,4458
16,4,4459
16,10,4460
0,6,4461
16,4,4462
16,6,4463
12,4,4464
8,4,4465
8,6,4466
24,6,4467
12,6,4468
12,6,4469
8,10,4470
12,6,4471
12,10,4472
12,10,4473
24,10,4474
20,10,4475
12,6,4476
8,8,4477
16,6,4478
28,10,4479
16,10,4480
20,6,4481
0,6,4482
16,6,4483
20,6,4484
8,6,4485
24,4,4486
12,6,4487
0,6,4488
16,10,4489
20,10,4490
12,4,4491
0,6,4492
12,10,4493
20,6,4494
12,6,4495
12,10,4496
16,10,4497
4,6,4498
16,4,4499
12,6,4500
0,6,4501
20,6,4502
24,6,4503
32,6,4504
24,6,4505
16,4,4506
0,10,4507
12,6,4508
16,10,4509
4,6,4510
12,6,4511
16,10,4512
12,6,4513
12,10,4514
12,6,4515
12,10,4516
20,6,4517
0,6,4518
16,6,4519
24,6,4520
12,6,4521
16,10,4522
28,10,4523
12,6,4524
12,10,4525
16,6,4526
0,6,4527
16,6,4528
12,6,4529
12,4,4530
8,6,4531
0,10,4532
8,10,4533
20,6,4534
12,6,4535
12,6,4536
16,6,4537
12,4,4538
4,6,4539
12,6,4540
16,6,4541
4,6,4542
16,10,4543
20,6,4544
12,8,4545
12,6,4546
16,6,4547
16,6,4548
0,6,4549
12,6,4550
12,10,4551
0,6,4552
24,6,4553
28,6,4554
12,6,4555
8,4,4556
12,6,4557
20,6,4558
12,6,4559
16,6,4560
12,6,4561
12,6,4562
28,4,4563
16,4,4564
24,6,4565
12,6,4566
12,6,4567
16,10,4568
0,6,4569
16,6,4570
8,6,4571
4,6,4572
8,10,4573
16,6,4574
8,6,4575
20,4,4576
24,10,4577
24,10,4578
16,6,4579
12,10,4580
20,6,4581
0,10,4582
16,10,4583
28,6,4584
20,10,4585
0,6,4586
12,6,4587
16,6,4588
0,10,4589
16,4,4590
8,6,4591
4,6,4592
16,10,4593
12,10,4594
4,10,4595
12,10,4596
16,10,4597
0,6,4598
12,6,4599
16,10,4600
0,6,4601
16,6,4602
24,10,4603
12,6,4604
4,6,4605
16,6,4606
16,6,4607
16,6,4608
12,10,4609
12,10,4610
8,10,4611
20,6,4612
20,6,4613
16,10,4614
16,10,4615
16,4,4616
12,6,4617
4,10,4618
12,10,4619
8,6,4620
12,6,4621
8,4,4622
4,4,4623
8,10,4624
12,6,4625
8,6,4626
12,6,4627
12,10,4628
8,10,4629
12,6,4630
24,6,4631
20,6,4632
16,4,4633
4,10,4634
16,6,4635
16,10,4636
12,4,4637
4,6,4638
16,6,4639
12,6,4640
12,6,4641
24,6,4642
12,6,4643
8,10,4644
16,6,4645
12,6,4646
12,10,4647
4,6,4648
8,10,4649
12,10,4650
4,10,4651
20,6,4652
16,6,4653
4,10,4654
16,6,4655
16,8,4656
16,6,4657
24,6,4658
20,6,4659
12,10,4660
16,6,4661
20,6,4662
12,4,4663
16,4,4664
4,6,4665
16,6,4666
16,6,4667
16,10,4668
20,4,4669
16,6,4670
12,6,4671
8,6,4672
12,10,4673
0,10,4674
16,6,4675
20,6,4676
8,6,4677
16,10,4678
20,6,4679
4,10,4680
20,6,4681
16,6,4682
12,6,4683
16,6,4684
12,6,4685
12,6,4686
0,4,4687
12,10,4688
12,6,4689
0,10,4690
8,10,4691
16,6,4692
0,10,4693
8,6,4694
8,6,4695
16,6,4696
20,6,4697
8,4,4698
12,6,4699
0,10,4700
8,6,4701
16,6,4702
8,6,4703
20,6,4704
24,6,4705
20,6,4706
12,6,4707
12,6,4708
8,6,4709
16,6,4710
12,10,4711
12,10,4712
12,10,4713
12,4,4714
0,6,4715
8,6,4716
20,4,4717
20,4,4718
8,6,4719
0,6,4720
20,10,4721
28,6,4722
16,6,4723
20,6,4724
16,10,4725
16,6,4726
24,6,4727
12,6,4728
16,6,4729
4,10,4730
20,6,4731
20,6,4732
12,10,4733
12,4,4734
16,4,4735
4,6,4736
12,10,4737
16,6,4738
4,10,4739
16,10,4740
20,6,4741
0,10,4742
8,6,4743
12,10,4744
16,6,4745
16,6,4746
4,6,4747
20,6,4748
20,4,4749
4,6,4750
8,10,4751
20,6,4752
12,6,4753
16,6,4754
16,6,4755
16,10,4756
16,6,4757
0,6,4758
16,6,4759
20,6,4760
4,6,4761
12,4,4762
12,6,4763
0,6,4764
20,6,4765
32,6,4766
20,6,4767
12,6,4768
20,10,4769
12,4,4770
4,6,4771
12,10,4772
16,4,4773
16,10,4774
4,6,4775
12,6,4776
24,6,4777
12,6,4778
16,6,4779
24,6,4780
16,6,4781
4,6,4782
12,6,4783
20,6,4784
20,6,4785
12,6,4786
16,6,4787
4,6,4788
20,6,4789
16,6,4790
16,6,4791
12,10,4792
4,10,4793
20,6,4794
24,6,4795
16,6,4796
12,6,4797
20,6,4798
20,6,4799
12,10,4800
12,6,4801
16,4,4802
4,6,4803
16,6,4804
24,10,4805
20,6,4806
20,6,4807
20,6,4808
20,6,4809
20,6,4810
20,4,4811
20,10,4812
16,6,4813
12,10,4814
20,6,4815
20,10,4816
12,4,4817
4,10,4818
16,6,4819
20,6,4820
8,6,4821
12,6,4822
16,10,4823
16,6,4824
4,10,4825
12,6,4826
20,6,4827
16,4,4828
0,10,4829
16,6,4830
12,6,4831
4,6,4832
16,10,4833
16,10,4834
16,6,4835
12,6,4836
4,6,4837
16,6,4838
20,6,4839
12,6,4840
16,6,4841
16,10,4842
4,6,4843
16,6,4844
20,6,4845
12,6,4846
20,10,4847
8,6,4848
16,6,4849
16,6,4850
20,6,4851
16,6,4852
12,10,4853
16,6,4854
20,10,4855
12,6,4856
16,6,4857
24,6,4858
16,10,4859
4,6,4860
12,6,4861
28,6,4862
28,6,4863
16,10,4864
16,6,4865
12,6,4866
8,6,4867
20,10,4868
16,6,4869
20,10,4870
8,6,4871
0,6,4872
12,6,4873
24,6,4874
4,6,4875
20,6,4876
8,6,4877
16,6,4878
16,6,4879
16,6,4880
16,6,4881
4,6,4882
16,6,4883
16,6,4884
16,10,4885
32,6,4886
20,6,4887
20,6,4888
32,4,4889
20,6,4890
16,6,4891
16,10,4892
8,10,4893
8,4,4894
16,10,4895
24,6,4896
16,6,4897
20,4,4898
4,6,4899
12,10,4900
16,6,4901
12,4,4902
4,6,4903
12,6,4904
20,6,4905
16,6,4906
12,6,4907
16,4,4908
12,6,4909
4,6,4910
12,10,4911
8,6,4912
4,10,4913
12,6,4914
16,6,4915
0,6,4916
16,10,4917
20,10,4918
0,4,4919
16,6,4920
20,4,4921
12,4,4922
8,6,4923
12,10,4924
20,4,4925
4,6,4926
16,6,4927
20,6,4928
12,6,4929
12,6,4930
4,4,4931
16,6,4932
24,10,4933
20,6,4934
4,6,4935
20,6,4936
12,8,4937
8,10,4938
12,10,4939
16,6,4940
16,10,4941
8,6,4942
24,10,4943
20,6,4944
28,6,4945
24,6,4946
28,10,4947
24,6,4948
16,6,4949
28,10,4950
16,10,4951
4,10,4952
20,10,4953
24,10,4954
16,4,4955
4,6,4956
12,6,4957
24,6,4958
24,6,4959
16,6,4960
4,6,4961
20,6,4962
24,6,4963
12,6,4964
4,6,4965
12,6,4966
16,6,4967
12,4,4968
0,6,4969
16,6,4970
16,10,4971
12,4,4972
8,6,4973
4,6,4974
16,6,4975
16,6,4976
8,6,4977
16,10,4978
4,10,4979
16,6,4980
16,10,4981
4,6,4982
20,6,4983
16,10,4984
16,6,4985
16,10,4986
12,6,4987
0,6,4988
12,10,4989
12,6,4990
0,6,4991
16,6,4992
28,6,4993
12,6,4994
16,10,4995
24,10,4996
16,6,4997
4,6,4998
16,6,4999
12,6,5000
0,6,5001
16,6,5002
20,6,5003
16,6,5004
12,6,5005
4,6,5006
16,6,5007
20,6,5008
0,6,5009
20,6,5010
12,10,5011
0,8,5012
16,10,5013
20,6,5014
12,6,5015
16,6,5016
20,6,5017
12,6,5018
8,6,5019
16,6,5020
24,6,5021
16,10,5022
12,6,5023
8,6,5024
16,6,5025
12,10,5026
16,6,5027
16,6,5028
4,6,5029
12,6,5030
20,6,5031
12,6,5032
0,8,5033
20,6,5034
16,6,5035
12,6,5036
20,6,5037
16,10,5038
8,10,5039
16,6,5040
8,6,5041
16,4,5042
4,6,5043
12,10,5044
12,10,5045
4,4,5046
24,4,5047
24,10,5048
8,10,5049
0,6,5050
16,6,5051
16,6,5052
12,6,5053
8,10,5054
12,10,5055
12,10,5056
4,10,5057
12,8,5058
28,6,5059
12,10,5060
16,10,5061
12,6,5062
12,6,5063
12,6,5064
16,6,5065
36,4,5066
24,10,5067
28,6,5068
12,6,5069
12,4,5070
16,6,5071
16,10,5072
8,6,5073
16,10,5074
16,10,5075
4,10,5076
12,6,5077
16,6,5078
0,6,5079
24,6,5080
24,10,5081
16,10,5082
0,6,5083
12,6,5084
16,6,5085
8,4,5086
20,6,5087
12,8,5088
12,6,5089
24,10,5090
12,6,5091
12,6,5092
16,10,5093
4,10,5094
12,6,5095
12,6,5096
0,10,5097
8,6,5098
12,6,5099
12,6,5100
16,10,5101
12,6,5102
16,6,5103
20,10,5104
4,6,5105
12,8,5106
16,10,5107
8,6,5108
20,6,5109
12,6,5110
0,6,5111
16,10,5112
16,6,5113
20,6,5114
20,6,5115
16,4,5116
20,10,5117
12,6,5118
12,10,5119
12,6,5120
4,6,5121
16,6,5122
8,6,5123
12,6,5124
16,10,5125
12,6,5126
4,10,5127
16,10,5128
16,6,5129
12,6,5130
8,6,5131
24,4,5132
20,4,5133
16,6,5134
0,6,5135
20,6,5136
20,6,5137
12,10,5138
16,6,5139
12,6,5140
16,10,5141
12,6,5142
12,6,5143
12,6,5144
8,10,5145
12,6,5146
16,6,5147
12,10,5148
12,6,5149
12,6,5150
16,10,5151
8,6,5152
16,4,5153
0,10,5154
16,6,5155
16,10,5156
0,6,5157
12,6,5158
16,8,5159
20,6,5160
16,6,5161
4,6,5162
20,10,5163
24,6,5164
16,6,5165
4,6,5166
12,6,5167
20,10,5168
16,6,5169
20,6,5170
16,6,5171
8,10,5172
12,10,5173
28,6,5174
16,6,5175
0,6,5176
20,6,5177
16,6,5178
20,6,5179
12,6,5180
8,6,5181
12,6,5182
12,10,5183
0,10,5184
12,10,5185
20,6,5186
0,6,5187
16,6,5188
20,6,5189
24,6,5190
12,6,5191
16,6,5192
0,10,5193
8,6,5194
8,6,5195
12,6,5196
12,10,5197
16,6,5198
12,6,5199
0,6,5200
20,6,5201
16,6,5202
16,6,5203
16,10,5204
12,6,5205
16,6,5206
28,4,5207
16,4,5208
12,4,5209
0,6,5210
20,10,5211
28,6,5212
20,10,5213
4,4,5214
12,6,5215
16,6,5216
12,6,5217
12,10,5218
16,6,5219
4,10,5220
16,6,5221
28,6,5222
24,6,5223
12,6,5224
4,6,5225
12,6,5226
12,6,5227
0,6,5228
20,6,5229
24,10,5230
28,6,5231
8,10,5232
0,4,5233
12,10,5234
8,10,5235
8,6,5236
16,6,5237
12,10,5238
20,10,5239
16,6,5240
4,6,5241
12,6,5242
16,6,5243
0,4,5244
12,4,5245
12,10,5246
4,6,5247
20,6,5248
24,6,5249
28,4,5250
16,4,5251
4,6,5252
16,6,5253
12,6,5254
4,6,5255
16,6,5256
12,6,5257
12,6,5258
24,10,5259
12,10,5260
12,6,5261
20,10,5262
16,4,5263
12,4,5264
4,10,5265
16,6,5266
16,6,5267
16,6,5268
12,6,5269
12,4,5270
12,6,5271
12,6,5272
8,6,5273
12,6,5274
16,6,5275
20,10,5276
12,6,5277
4,6,5278
20,6,5279
24,6,5280
12,6,5281
16,10,5282
28,6,5283
28,4,5284
20,6,5285
28,6,5286
8,6,5287
16,6,5288
12,6,5289
16,6,5290
24,6,5291
20,6,5292
24,6,5293
12,6,5294
16,10,5295
16,6,5296
4,6,5297
16,6,5298
16,6,5299
16,6,5300
8,6,5301
16,4,5302
16,6,5303
20,6,5304
12,6,5305
16,6,5306
12,10,5307
16,4,5308
12,6,5309
0,6,5310
24,6,5311
24,6,5312
12,6,5313
12,6,5314
16,6,5315
12,6,5316
16,6,5317
16,10,5318
12,10,5319
4,6,5320
20,10,5321
16,6,5322
4,6,5323
20,6,5324
16,6,5325
12,10,5326
20,10,5327
8,10,5328
8,10,5329
20,6,5330
20,6,5331
12,6,5332
12,6,5333
12,4,5334
4,6,5335
12,6,5336
16,8,5337
8,6,5338
16,6,5339
0,6,5340
12,10,5341
24,6,5342
12,6,5343
20,10,5344
4,4,5345
20,6,5346
20,10,5347
24,6,5348
16,6,5349
12,6,5350
24,6,5351
16,6,5352
12,6,5353
0,10,5354
20,10,5355
16,10,5356
4,6,5357
24,6,5358
28,10,5359
24,6,5360
16,6,5361
12,6,5362
16,6,5363
16,6,5364
4,6,5365
12,10,5366
12,6,5367
4,10,5368
12,6,5369
24,6,5370
16,6,5371
8,6,5372
24,6,5373
20,6,5374
24,6,5375
20,6,5376
16,6,5377
16,6,5378
28,6,5379
16,6,5380
12,6,5381
16,6,5382
8,10,5383
16,4,5384
20,4,5385
12,6,5386
4,6,5387
20,6,5388
20,6,5389
12,6,5390
8,6,5391
12,6,5392
12,6,5393
12,10,5394
16,10,5395
12,10,5396
16,6,5397
4,6,5398
20,10,5399
20,10,5400
16,6,5401
16,6,5402
20,6,5403
12,10,5404
0,10,5405
8,10,5406
16,6,5407
0,4,5408
16,10,5409
20,6,5410
12,6,5411
0,6,5412
8,6,5413
12,6,5414
4,6,5415
8,6,5416
16,10,5417
8,10,5418
16,6,5419
12,6,5420
16,6,5421
12,6,5422
4,6,5423
20,6,5424
28,6,5425
24,6,5426
20,6,5427
12,6,5428
4,6,5429
20,6,5430
8,6,5431
16,4,5432
12,4,5433
0,6,5434
16,4,5435
24,6,5436
24,6,5437
12,4,5438
0,6,5439
8,6,5440
12,6,5441
0,6,5442
16,6,5443
16,10,5444
4,6,5445
16,6,5446
24,6,5447
20,6,5448
16,6,5449
20,10,5450
0,6,5451
16,6,5452
16,6,5453
4,6,5454
20,6,5455
20,6,5456
28,10,5457
28,6,5458
24,6,5459
12,4,5460
4,10,5461
12,10,5462
16,4,5463
0,6,5464
20,6,5465
20,6,5466
20,10,5467
0,10,5468
20,6,5469
28,6,5470
24,6,5471
20,10,5472
4,6,5473
12,10,5474
12,10,5475
4,6,5476
16,6,5477
24,6,5478
20,4,5479
4,10,5480
12,6,5481
12,10,5482
12,10,5483
8,10,5484
4,10,5485
16,6,5486
12,6,5487
4,6,5488
12,10,5489
16,6,5490
4,10,5491
16,10,5492
16,10,5493
12,6,5494
16,6,5495
8,6,5496
12,6,5497
16,6,5498
16,6,5499
20,4,5500
20,6,5501
24,6,5502
16,6,5503
12,6,5504
12,6,5505
8,10,5506
4,10,5507
12,6,5508
20,6,5509
16,6,5510
16,6,5511
20,6,5512
20,6,5513
16,10,5514
12,6,5515
8,10,5516
16,6,5517
20,6,5518
20,10,5519
24,6,5520
12,6,5521
12,6,5522
24,6,5523
20,6,5524
12,6,5525
16,6,5526
12,10,5527
16,6,5528
20,4,5529
0,6,5530
12,6,5531
20,4,5532
0,6,5533
8,6,5534
16,8,5535
12,6,5536
16,6,5537
8,10,5538
16,6,5539
12,6,5540
12,10,5541
8,6,5542
12,10,5543
20,6,5544
12,6,5545
12,6,5546
16,10,5547
16,6,5548
12,6,5549
16,6,5550
12,6,5551
16,6,5552
4,6,5553
16,6,5554
16,10,5555
12,10,5556
20,10,5557
16,6,5558
12,6,5559
16,6,5560
16,6,5561
12,6,5562
20,6,5563
12,10,5564
12,6,5565
4,6,5566
12,6,5567
16,6,5568
12,6,5569
8,10,5570
16,6,5571
24,6,5572
20,6,5573
12,6,5574
4,6,5575
16,6,5576
16,6,5577
4,6,5578
20,6,5579
12,10,5580
4,6,5581
16,6,5582
16,6,5583
0,6,5584
20,10,5585
12,10,5586
12,10,5587
12,10,5588
16,6,5589
28,6,5590
12,6,5591
12,10,5592
16,6,5593
12,10,5594
20,6,5595
12,10,5596
16,6,5597
20,6,5598
32,6,5599
16,6,5600
16,6,5601
24,6,5602
12,10,5603
4,4,5604
8,6,5605
16,10,5606
12,6,5607
24,10,5608
20,6,5609
20,6,5610
20,6,5611
12,6,5612
16,6,5613
16,6,5614
24,6,5615
16,6,5616
12,6,5617
0,4,5618
8,6,5619
12,6,5620
12,10,5621
8,6,5622
0,6,5623
16,6,5624
28,6,5625
24,6,5626
24,10,5627
16,10,5628
0,6,5629
12,10,5630
16,6,5631
16,10,5632
16,6,5633
12,6,5634
20,6,5635
0,6,5636
16,6,5637
12,6,5638
0,6,5639
20,6,5640
16,6,5641
12,6,5642
0,6,5643
16,6,5644
16,6,5645
16,4,5646
4,6,5647
16,6,5648
16,6,5649
4,6,5650
12,10,5651
20,10,5652
4,6,5653
12,6,5654
16,6,5655
12,6,5656
4,6,5657
24,4,5658
20,6,5659
16,6,5660
8,6,5661
12,6,5662
12,10,5663
16,6,5664
0,6,5665
20,6,5666
12,6,5667
12,6,5668
20,10,5669
20,6,5670
16,10,5671
0,6,5672
20,6,5673
16,6,5674
12,6,5675
12,6,5676
8,10,5677
12,6,5678
8,6,5679
12,10,5680
8,10,5681
8,6,5682
16,6,5683
20,6,5684
8,6,5685
20,6,5686
12,10,5687
16,10,5688
16,10,5689
20,4,5690
12,6,5691
0,10,5692
16,6,5693
16,6,5694
12,4,5695
12,4,5696
20,6,5697
20,4,5698
12,4,5699
4,6,5700
12,6,5701
16,6,5702
16,6,5703
24,10,5704
12,6,5705
0,6,5706
24,6,5707
8,6,5708
16,10,5709
20,6,5710
12,6,5711
12,6,5712
12,6,5713
12,10,5714
16,6,5715
4,6,5716
16,6,5717
20,6,5718
28,6,5719
24,6,5720
20,6,5721
20,10,5722
0,6,5723
16,6,5724
12,10,5725
16,10,5726
24,6,5727
20,6,5728
12,6,5729
20,6,5730
16,6,5731
20,10,5732
4,6,5733
16,10,5734
28,6,5735
24,6,5736
12,6,5737
16,6,5738
16,6,5739
12,10,5740
24,6,5741
20,4,5742
0,10,5743
16,6,5744
12,6,5745
0,6,5746
16,4,5747
12,10,5748
4,10,5749
16,6,5750
24,6,5751
24,4,5752
24,6,5753
16,6,5754
8,10,5755
20,6,5756
0,6,5757
16,10,5758
16,10,5759
4,6,5760
8,10,5761
16,4,5762
4,6,5763
12,4,5764
16,4,5765
4,10,5766
16,10,5767
28,10,5768
12,6,5769
0,10,5770
20,6,5771
20,10,5772
12,6,5773
0,6,5774
8,6,5775
24,10,5776
20,4,5777
8,4,5778
4,6,5779
16,6,5780
24,6,5781
24,10,5782
12,6,5783
12,6,5784
20,4,5785
20,6,5786
0,6,5787
20,6,5788
28,6,5789
12,8,5790
12,6,5791
12,10,5792
0,10,5793
20,6,5794
16,6,5795
12,6,5796
20,10,5797
16,4,5798
12,6,5799
4,6,5800
16,6,5801
28,6,5802
20,10,5803
28,6,5804
12,8,5805
16,6,5806
24,6,5807
12,6,5808
16,4,5809
16,6,5810
0,6,5811
12,6,5812
20,6,5813
16,6,5814
12,6,5815
16,6,5816
16,10,5817
16,10,5818
4,6,5819
8,6,5820
12,10,5821
4,10,5822
20,6,5823
12,10,5824
4,10,5825
12,10,5826
16,10,5827
0,6,5828
12,6,5829
12,6,5830
12,6,5831
20,6,5832
20,6,5833
4,6,5834
16,10,5835
20,10,5836
8,6,5837
24,6,5838
12,4,5839
4,10,5840
12,6,5841
12,6,5842
0,6,5843
20,6,5844
24,6,5845
8,6,5846
16,10,5847
16,6,5848
28,10,5849
16,6,5850
12,6,5851
8,6,5852
0,10,5853
12,10,5854
20,6,5855
12,6,5856
16,6,5857
0,6,5858
16,6,5859
12,6,5860
0,6,5861
12,6,5862
20,6,5863
12,4,5864
0,6,5865
16,4,5866
20,6,5867
12,10,5868
0,10,5869
16,6,5870
20,10,5871
28,4,5872
8,10,5873
4,6,5874
20,6,5875
16,10,5876
20,6,5877
12,6,5878
12,10,5879
12,6,5880
12,10,5881
16,6,5882
8,10,5883
16,6,5884
16,10,5885
16,6,5886
16,10,5887
20,10,5888
20,6,5889
28,10,5890
20,10,5891
16,6,5892
8,6,5893
12,6,5894
8,6,5895
12,6,5896
28,4,5897
20,6,5898
0,6,5899
16,10,5900
12,6,5901
4,10,5902
16,6,5903
16,10,5904
12,6,5905
8,6,5906
24,4,5907
12,4,5908
4,6,5909
8,10,5910
16,6,5911
0,6,5912
12,10,5913
12,6,5914
0,10,5915
12,8,5916
16,6,5917
20,6,5918
24,6,5919
16,6,5920
8,6,5921
16,6,5922
20,6,5923
20,6,5924
16,10,5925
0,6,5926
12,6,5927
8,6,5928
16,6,5929
20,6,5930
16,10,5931
24,6,5932
16,6,5933
12,10,5934
20,6,5935
12,10,5936
20,10,5937
32,4,5938
24,6,5939
16,6,5940
8,6,5941
12,6,5942
12,6,5943
20,6,5944
8,6,5945
12,6,5946
12,6,5947
12,6,5948
4,6,5949
16,4,5950
8,10,5951
4,6,5952
16,6,5953
20,4,5954
4,6,5955
12,10,5956
16,6,5957
0,10,5958
20,6,5959
24,6,5960
16,6,5961
12,6,5962
12,6,5963
4,6,5964
16,6,5965
12,10,5966
20,6,5967
20,6,5968
20,6,5969
0,0,0
0,0,0
0,0,0
15,14,5973
12,12,5974
18,12,5975
15,14,5976
27,14,5977
27,14,5978
27,12,5979
12,14,5980
18,12,5981
18,14,5982
15,14,5983
12,14,5984
9,14,5985
9,14,5986
6,14,5987
15,14,5988
15,12,5989
15,14,5990
12,14,5991
18,14,5992
12,14,5993
18,14,5994
9,14,5995
18,14,5996
21,14,5997
15,14,5998
12,14,5999
6,14,6000
12,14,6001
18,16,6002
15,14,6003
18,14,6004
18,14,6005
21,14,6006
24,14,6007
30,14,6008
27,12,6009
18,12,6010
18,14,6011
6,14,6012
18,12,6013
12,12,6014
6,14,6015
6,14,6016
9,12,6017
12,14,6018
12,14,6019
18,14,6020
15,14,6021
12,14,6022
9,14,6023
9,14,6024
12,14,6025
9,14,6026
12,14,6027
12,14,6028
21,14,6029
15,14,6030
15,14,6031
12,14,6032
15,14,6033
15,14,6034
9,14,6035
12,14,6036
15,14,6037
12,14,6038
12,14,6039
18,16,6040
9,16,6041
18,14,6042
18,14,6043
18,14,6044
18,14,6045
15,12,6046
9,12,6047
15,14,6048
15,14,6049
15,14,6050
18,14,6051
15,14,6052
12,14,6053
15,14,6054
12,14,6055
9,14,6056
18,14,6057
12,12,6058
9,14,6059
12,14,6060
12,14,6061
18,16,6062
15,14,6063
15,14,6064
6,14,6065
12,14,6066
12,14,6067
15,14,6068
12,12,6069
9,14,6070
12,14,6071
18,14,6072
15,14,6073
18,14,6074
15,14,6075
18,14,6076
15,14,6077
9,14,6078
18,14,6079
9,14,6080
15,14,6081
9,14,6082
12,14,6083
15,14,6084
15,14,6085
9,14,6086
12,14,6087
9,14,6088
21,14,6089
21,14,6090
18,14,6091
12,14,6092
21,14,6093
12,14,6094
12,14,6095
18,16,6096
12,14,6097
18,14,6098
15,14,6099
18,14,6100
9,14,6101
9,14,6102
18,14,6103
15,14,6104
24,14,6105
21,14,6106
18,14,6107
12,14,6108
12,14,6109
12,14,6110
12,14,6111
12,14,6112
15,14,6113
18,14,6114
18,14,6115
9,14,6116
18,14,6117
12,12,6118
12,14,6119
21,14,6120
15,12,6121
12,14,6122
12,12,6123
15,14,6124
12,14,6125
18,14,6126
30,14,6127
24,14,6128
12,14,6129
9,12,6130
9,14,6131
15,14,6132
6,14,6133
15,14,6134
12,14,6135
12,14,6136
12,14,6137
15,14,6138
15,14,6139
12,14,6140
12,14,6141
15,14,6142
18,14,6143
12,14,6144
12,14,6145
9,14,6146
12,14,6147
12,14,6148
18,12,6149
12,14,6150
21,14,6151
18,14,6152
15,14,6153
18,14,6154
9,14,6155
9,14,6156
15,14,6157
12,14,6158
18,14,6159
9,14,6160
15,14,6161
12,16,6162
9,14,6163
15,14,6164
9,14,6165
15,14,6166
18,14,6167
12,14,6168
21,14,6169
15,14,6170
15,14,6171
6,14,6172
12,12,6173
9,14,6174
9,12,6175
6,14,6176
15,14,6177
6,14,6178
15,14,6179
15,12,6180
21,14,6181
18,12,6182
15,12,6183
12,14,6184
9,14,6185
12,14,6186
12,14,6187
9,14,6188
12,14,6189
9,14,6190
15,14,6191
12,14,6192
15,14,6193
12,12,6194
9,12,6195
9,14,6196
9,14,6197
12,14,6198
9,14,6199
12,14,6200
12,14,6201
9,14,6202
21,14,6203
21,14,6204
27,14,6205
18,14,6206
18,12,6207
9,14,6208
12,14,6209
12,12,6210
12,14,6211
24,14,6212
12,14,6213
15,12,6214
12,14,6215
15,14,6216
9,14,6217
12,14,6218
9,14,6219
12,14,6220
18,12,6221
15,14,6222
18,14,6223
12,14,6224
6,14,6225
12,14,6226
12,14,6227
15,14,6228
24,14,6229
21,14,6230
9,14,6231
6,12,6232
12,14,6233
12,14,6234
12,12,6235
18,14,6236
6,14,6237
12,14,6238
9,14,6239
12,14,6240
15,14,6241
15,14,6242
18,14,6243
21,12,6244
15,14,6245
21,12,6246
12,12,6247
12,12,6248
18,12,6249
12,14,6250
15,14,6251
15,14,6252
9,14,6253
21,14,6254
12,14,6255
9,14,6256
24,14,6257
27,14,6258
9,14,6259
9,14,6260
9,14,6261
15,14,6262
15,14,6263
12,14,6264
15,14,6265
9,14,6266
15,14,6267
12,14,6268
15,14,6269
12,14,6270
12,14,6271
15,14,6272
21,12,6273
27,14,6274
21,14,6275
21,14,6276
18,14,6277
15,14,6278
18,14,6279
9,14,6280
21,14,6281
12,14,6282
9,14,6283
6,14,6284
12,14,6285
9,14,6286
21,12,6287
12,12,6288
21,14,6289
18,14,6290
12,14,6291
15,14,6292
21,14,6293
18,14,6294
21,14,6295
12,14,6296
15,12,6297
15,12,6298
27,12,6299
27,12,6300
21,14,6301
9,14,6302
15,14,6303
15,14,6304
12,14,6305
12,14,6306
12,14,6307
12,14,6308
18,12,6309
18,14,6310
21,14,6311
21,14,6312
18,14,6313
24,14,6314
21,14,6315
15,14,6316
9,14,6317
21,14,6318
18,14,6319
15,14,6320
15,14,6321
18,14,6322
18,14,6323
18,14,6324
12,14,6325
15,14,6326
15,14,6327
9,12,6328
15,14,6329
21,14,6330
21,14,6331
21,14,6332
18,12,6333
9,14,6334
18,14,6335
15,14,6336
18,14,6337
12,14,6338
15,14,6339
21,14,6340
18,12,6341
6,14,6342
15,14,6343
12,14,6344
18,14,6345
18,14,6346
24,14,6347
21,14,6348
15,14,6349
12,14,6350
15,14,6351
12,14,6352
12,12,6353
15,14,6354
18,14,6355
12,14,6356
15,14,6357
12,14,6358
18,14,6359
15,14,6360
15,14,6361
12,14,6362
12,14,6363
12,14,6364
6,14,6365
12,12,6366
9,14,6367
12,14,6368
15,14,6369
18,14,6370
24,14,6371
15,12,6372
9,14,6373
21,12,6374
12,14,6375
15,14,6376
15,14,6377
18,14,6378
18,14,6379
18,14,6380
21,14,6381
24,14,6382
21,14,6383
12,14,6384
12,14,6385
18,14,6386
15,14,6387
15,12,6388
21,12,6389
12,14,6390
24,12,6391
21,12,6392
15,14,6393
21,14,6394
21,14,6395
15,14,6396
6,14,6397
15,12,6398
18,14,6399
12,14,6400
12,14,6401
6,14,6402
12,14,6403
18,14,6404
18,12,6405
12,12,6406
12,12,6407
15,14,6408
12,14,6409
12,14,6410
27,14,6411
33,14,6412
18,14,6413
6,14,6414
9,14,6415
15,14,6416
18,14,6417
12,12,6418
18,12,6419
15,14,6420
21,14,6421
15,14,6422
9,14,6423
15,14,6424
18,14,6425
9,14,6426
15,14,6427
12,14,6428
9,14,6429
15,14,6430
6,14,6431
24,14,6432
30,14,6433
27,14,6434
21,14,6435
12,16,6436
12,14,6437
18,14,6438
12,12,6439
15,12,6440
18,12,6441
6,12,6442
21,12,6443
12,14,6444
9,14,6445
12,14,6446
12,14,6447
12,14,6448
12,14,6449
9,14,6450
9,14,6451
12,14,6452
15,14,6453
18,14,6454
15,14,6455
6,14,6456
18,14,6457
9,14,6458
18,14,6459
15,14,6460
18,14,6461
12,16,6462
24,14,6463
15,14,6464
15,14,6465
15,14,6466
12,14,6467
21,14,6468
24,14,6469
30,14,6470
24,14,6471
15,14,6472
12,14,6473
15,14,6474
12,14,6475
15,14,6476
15,14,6477
15,14,6478
12,14,6479
18,14,6480
18,14,6481
15,12,6482
15,12,6483
18,14,6484
9,14,6485
18,14,6486
12,14,6487
15,14,6488
9,14,6489
15,14,6490
15,14,6491
12,14,6492
18,14,6493
36,12,6494
27,14,6495
18,14,6496
9,14,6497
15,14,6498
15,14,6499
9,14,6500
12,14,6501
18,16,6502
24,14,6503
18,14,6504
12,14,6505
18,14,6506
12,14,6507
15,14,6508
12,14,6509
24,12,6510
12,14,6511
24,12,6512
21,14,6513
18,14,6514
18,14,6515
15,14,6516
9,14,6517
9,14,6518
15,14,6519
21,14,6520
9,14,6521
15,14,6522
12,14,6523
21,14,6524
12,14,6525
18,14,6526
18,14,6527
21,14,6528
15,14,6529
9,14,6530
15,14,6531
9,14,6532
12,12,6533
15,14,6534
18,14,6535
12,14,6536
21,12,6537
12,14,6538
15,14,6539
15,14,6540
12,14,6541
12,14,6542
12,12,6543
18,14,6544
18,14,6545
15,14,6546
9,14,6547
21,12,6548
18,14,6549
12,14,6550
9,14,6551
18,14,6552
18,14,6553
15,14,6554
21,12,6555
12,14,6556
18,14,6557
12,14,6558
15,14,6559
12,14,6560
15,14,6561
18,14,6562
6,14,6563
15,14,6564
21,14,6565
18,12,6566
18,14,6567
24,14,6568
21,14,6569
12,14,6570
12,14,6571
12,14,6572
18,14,6573
24,14,6574
18,14,6575
12,14,6576
15,14,6577
15,14,6578
15,14,6579
15,14,6580
9,14,6581
15,14,6582
12,14,6583
15,14,6584
21,14,6585
9,14,6586
12,14,6587
18,14,6588
12,14,6589
9,14,6590
15,14,6591
18,14,6592
15,14,6593
21,14,6594
12,14,6595
12,12,6596
12,12,6597
12,14,6598
9,14,6599
15,14,6600
12,14,6601
18,14,6602
6,14,6603
9,14,6604
9,14,6605
18,14,6606
6,14,6607
12,14,6608
9,14,6609
21,14,6610
15,14,6611
15,14,6612
12,14,6613
6,14,6614
15,14,6615
12,12,6616
6,14,6617
15,14,6618
12,14,6619
18,14,6620
21,14,6621
27,14,6622
21,14,6623
15,14,6624
9,14,6625
15,14,6626
18,14,6627
15,14,6628
9,14,6629
12,14,6630
18,14,6631
18,14,6632
18,14,6633
18,14,6634
15,16,6635
21,14,6636
12,14,6637
21,14,6638
9,14,6639
18,14,6640
12,14,6641
9,14,6642
12,14,6643
18,14,6644
9,14,6645
9,14,6646
18,14,6647
15,14,6648
24,14,6649
21,12,6650
21,14,6651
9,12,6652
15,14,6653
9,12,6654
6,14,6655
12,14,6656
12,12,6657
18,12,6658
12,14,6659
15,14,6660
18,14,6661
18,14,6662
15,12,6663
12,14,6664
15,14,6665
18,14,6666
12,14,6667
6,14,6668
15,14,6669
12,14,6670
9,14,6671
15,14,6672
15,14,6673
12,14,6674
15,14,6675
15,14,6676
18,14,6677
9,14,6678
12,14,6679
12,14,6680
15,14,6681
18,14,6682
18,14,6683
12,14,6684
15,14,6685
15,16,6686
9,14,6687
15,14,6688
12,14,6689
12,14,6690
15,14,6691
12,14,6692
18,14,6693
9,14,6694
15,14,6695
21,14,6696
15,14,6697
12,14,6698
15,16,6699
18,14,6700
21,14,6701
15,14,6702
15,14,6703
12,14,6704
9,14,6705
15,14,6706
21,14,6707
21,14,6708
21,14,6709
12,14,6710
12,16,6711
21,14,6712
21,14,6713
18,14,6714
18,14,6715
18,14,6716
18,12,6717
12,14,6718
15,14,6719
18,12,6720
9,14,6721
12,14,6722
18,14,6723
15,14,6724
15,12,6725
12,12,6726
12,14,6727
12,14,6728
18,12,6729
9,14,6730
15,14,6731
12,14,6732
15,14,6733
15,12,6734
18,14,6735
9,14,6736
12,14,6737
6,14,6738
15,14,6739
6,14,6740
12,14,6741
18,14,6742
21,14,6743
15,12,6744
9,14,6745
9,14,6746
9,14,6747
15,12,6748
12,12,6749
15,14,6750
12,14,6751
9,14,6752
15,14,6753
15,14,6754
12,16,6755
24,14,6756
15,14,6757
15,14,6758
15,14,6759
21,14,6760
15,12,6761
12,12,6762
18,14,6763
12,12,6764
15,14,6765
9,14,6766
15,12,6767
15,14,6768
21,12,6769
21,14,6770
24,14,6771
12,16,6772
9,14,6773
18,14,6774
21,14,6775
15,14,6776
12,14,6777
12,14,6778
9,14,6779
12,14,6780
18,14,6781
9,14,6782
15,14,6783
12,14,6784
21,14,6785
21,12,6786
12,14,6787
12,12,6788
18,14,6789
6,14,6790
15,14,6791
15,14,6792
12,12,6793
12,14,6794
15,14,6795
27,14,6796
21,12,6797
15,14,6798
18,14,6799
24,14,6800
21,14,6801
15,14,6802
18,14,6803
15,12,6804
18,14,6805
21,14,6806
18,14,6807
15,12,6808
9,14,6809
9,14,6810
12,14,6811
6,14,6812
12,14,6813
9,14,6814
15,14,6815
12,14,6816
24,12,6817
21,12,6818
6,14,6819
12,14,6820
12,14,6821
15,14,6822
12,14,6823
15,14,6824
18,14,6825
12,14,6826
9,14,6827
12,14,6828
21,14,6829
18,14,6830
18,14,6831
9,14,6832
15,14,6833
12,12,6834
12,12,6835
18,14,6836
15,14,6837
12,14,6838
6,14,6839
15,14,6840
18,14,6841
18,14,6842
21,12,6843
24,14,6844
12,14,6845
18,14,6846
21,14,6847
18,14,6848
18,14,6849
15,14,6850
12,14,6851
24,12,6852
21,14,6853
18,14,6854
18,14,6855
9,14,6856
18,12,6857
12,12,6858
18,14,6859
18,14,6860
21,14,6861
15,12,6862
9,12,6863
12,12,6864
9,14,6865
9,14,6866
9,14,6867
15,12,6868
9,14,6869
12,14,6870
9,14,6871
12,14,6872
12,14,6873
12,14,6874
15,14,6875
15,14,6876
18,14,6877
24,14,6878
27,14,6879
18,14,6880
21,12,6881
12,14,6882
9,14,6883
15,14,6884
9,14,6885
21,14,6886
24,14,6887
24,12,6888
12,14,6889
9,14,6890
18,14,6891
21,14,6892
15,14,6893
9,14,6894
12,14,6895
15,14,6896
12,14,6897
21,14,6898
18,14,6899
15,14,6900
12,14,6901
18,14,6902
15,14,6903
9,14,6904
9,14,6905
18,14,6906
9,14,6907
15,14,6908
12,14,6909
9,12,6910
15,14,6911
12,14,6912
15,14,6913
6,14,6914
12,14,6915
12,14,6916
6,14,6917
9,14,6918
15,14,6919
12,14,6920
15,14,6921
9,14,6922
21,14,6923
15,14,6924
15,14,6925
12,14,6926
12,14,6927
21,14,6928
15,14,6929
24,14,6930
9,14,6931
12,14,6932
21,14,6933
24,14,6934
27,12,6935
27,14,6936
30,12,6937
30,14,6938
30,14,6939
24,14,6940
18,14,6941
15,14,6942
12,14,6943
21,14,6944
24,14,6945
6,14,6946
12,14,6947
18,14,6948
27,14,6949
21,14,6950
18,14,6951
12,14,6952
21,14,6953
21,14,6954
12,14,6955
9,14,6956
15,14,6957
18,14,6958
15,14,6959
15,12,6960
9,14,6961
18,14,6962
9,14,6963
15,14,6964
9,14,6965
6,14,6966
21,14,6967
15,12,6968
9,14,6969
9,14,6970
6,14,6971
18,14,6972
12,14,6973
12,14,6974
15,14,6975
21,14,6976
24,14,6977
15,14,6978
12,14,6979
12,14,6980
15,14,6981
12,12,6982
21,12,6983
21,12,6984
15,12,6985
12,14,6986
15,14,6987
15,14,6988
6,14,6989
15,14,6990
15,14,6991
9,12,6992
9,14,6993
18,14,6994
12,14,6995
15,14,6996
12,14,6997
12,14,6998
9,14,6999
9,14,7000
12,14,7001
12,14,7002
12,14,7003
18,14,7004
18,14,7005
18,12,7006
12,14,7007
15,14,7008
15,14,7009
18,16,7010
21,14,7011
27,14,7012
15,14,7013
18,12,7014
18,12,7015
15,12,7016
18,14,7017
21,14,7018
15,14,7019
9,14,7020
18,14,7021
21,14,7022
15,12,7023
12,14,7024
12,12,7025
12,12,7026
15,12,7027
21,12,7028
18,14,7029
15,14,7030
18,14,7031
15,14,7032
12,14,7033
12,14,7034
15,14,7035
18,14,7036
12,14,7037
12,14,7038
15,14,7039
18,14,7040
9,14,7041
15,14,7042
12,14,7043
15,14,7044
18,14,7045
12,14,7046
12,14,7047
12,14,7048
21,14,7049
21,14,7050
24,14,7051
9,14,7052
18,14,7053
9,16,7054
27,14,7055
21,14,7056
24,14,7057
24,14,7058
12,14,7059
15,14,7060
15,14,7061
15,14,7062
15,14,7063
6,14,7064
9,14,7065
15,14,7066
9,14,7067
21,12,7068
9,14,7069
15,12,7070
15,14,7071
21,14,7072
18,14,7073
15,14,7074
12,14,7075
18,14,7076
6,14,7077
6,14,7078
15,14,7079
15,14,7080
15,14,7081
18,14,7082
15,14,7083
15,14,7084
9,14,7085
12,14,7086
12,14,7087
15,14,7088
15,14,7089
15,14,7090
18,14,7091
24,14,7092
18,12,7093
6,14,7094
12,14,7095
9,14,7096
18,14,7097
18,14,7098
18,14,7099
21,14,7100
15,12,7101
6,12,7102
15,14,7103
12,14,7104
6,14,7105
12,14,7106
12,14,7107
12,14,7108
18,14,7109
12,14,7110
15,14,7111
6,14,7112
15,14,7113
15,16,7114
18,14,7115
24,14,7116
15,14,7117
9,14,7118
21,14,7119
15,14,7120
18,14,7121
18,14,7122
18,14,7123
18,14,7124
18,14,7125
15,12,7126
6,14,7127
15,14,7128
12,14,7129
15,14,7130
12,14,7131
12,14,7132
12,14,7133
15,14,7134
12,14,7135
18,14,7136
12,14,7137
21,14,7138
12,14,7139
15,14,7140
12,14,7141
12,14,7142
18,12,7143
12,12,7144
12,14,7145
12,14,7146
15,14,7147
15,12,7148
15,14,7149
18,14,7150
6,14,7151
12,14,7152
12,14,7153
21,14,7154
21,14,7155
9,14,7156
6,14,7157
21,12,7158
24,14,7159
18,12,7160
15,14,7161
6,14,7162
21,14,7163
21,14,7164
18,14,7165
12,14,7166
12,14,7167
15,14,7168
18,14,7169
15,14,7170
15,14,7171
18,14,7172
15,14,7173
12,14,7174
15,14,7175
12,14,7176
12,14,7177
12,16,7178
21,16,7179
24,12,7180
12,14,7181
15,14,7182
12,14,7183
15,14,7184
15,14,7185
15,16,7186
12,14,7187
24,14,7188
9,14,7189
18,14,7190
12,16,7191
12,14,7192
18,14,7193
12,14,7194
24,14,7195
21,14,7196
21,14,7197
18,14,7198
15,14,7199
15,12,7200
12,12,7201
15,14,7202
18,14,7203
12,14,7204
6,14,7205
15,12,7206
15,14,7207
18,14,7208
15,14,7209
15,14,7210
12,14,7211
24,12,7212
18,14,7213
18,14,7214
18,14,7215
9,14,7216
12,14,7217
12,14,7218
15,14,7219
27,14,7220
24,14,7221
18,14,7222
15,14,7223
9,14,7224
12,14,7225
21,14,7226
15,14,7227
12,14,7228
15,14,7229
12,14,7230
15,14,7231
6,14,7232
15,14,7233
18,14,7234
9,14,7235
12,14,7236
12,14,7237
12,14,7238
24,14,7239
15,14,7240
12,14,7241
15,14,7242
12,14,7243
9,14,7244
18,14,7245
6,14,7246
15,14,7247
24,12,7248
24,12,7249
24,14,7250
18,14,7251
18,14,7252
24,14,7253
18,14,7254
15,14,7255
9,14,7256
6,14,7257
21,14,7258
12,14,7259
15,14,7260
12,14,7261
18,16,7262
18,14,7263
18,12,7264
21,12,7265
12,14,7266
12,14,7267
21,14,7268
9,14,7269
18,14,7270
18,14,7271
21,14,7272
21,14,7273
27,14,7274
21,14,7275
24,14,7276
15,14,7277
15,12,7278
12,14,7279
12,14,7280
15,14,7281
24,14,7282
24,12,7283
18,14,7284
18,14,7285
9,14,7286
12,14,7287
12,14,7288
18,14,7289
9,14,7290
9,14,7291
18,14,7292
12,14,7293
15,14,7294
15,14,7295
12,16,7296
21,14,7297
15,14,7298
18,14,7299
15,12,7300
15,12,7301
21,14,7302
18,14,7303
18,14,7304
15,14,7305
15,14,7306
21,14,7307
18,14,7308
24,14,7309
12,14,7310
9,14,7311
12,14,7312
9,14,7313
12,14,7314
15,14,7315
18,14,7316
12,14,7317
15,14,7318
15,14,7319
24,14,7320
15,14,7321
18,16,7322
24,14,7323
15,14,7324
9,14,7325
9,14,7326
9,12,7327
18,14,7328
18,14,7329
12,14,7330
12,14,7331
21,14,7332
12,14,7333
15,14,7334
12,14,7335
9,14,7336
18,14,7337
27,14,7338
21,14,7339
24,14,7340
21,12,7341
21,14,7342
18,14,7343
15,14,7344
15,14,7345
12,14,7346
15,14,7347
12,12,7348
24,14,7349
30,14,7350
24,14,7351
15,14,7352
18,12,7353
12,14,7354
9,14,7355
12,14,7356
12,14,7357
12,12,7358
9,14,7359
15,12,7360
15,14,7361
12,14,7362
9,14,7363
21,14,7364
24,14,7365
24,12,7366
18,12,7367
18,12,7368
15,12,7369
18,14,7370
15,14,7371
12,14,7372
21,14,7373
18,14,7374
15,14,7375
15,14,7376
15,12,7377
9,14,7378
15,14,7379
18,14,7380
12,14,7381
18,14,7382
12,14,7383
18,14,7384
12,14,7385
12,14,7386
15,14,7387
18,14,7388
12,14,7389
21,14,7390
27,14,7391
21,14,7392
21,14,7393
18,14,7394
18,14,7395
15,14,7396
18,14,7397
15,14,7398
9,12,7399
12,14,7400
15,14,7401
18,14,7402
15,14,7403
15,14,7404
12,14,7405
12,14,7406
15,14,7407
18,14,7408
18,14,7409
12,14,7410
18,14,7411
9,14,7412
15,16,7413
15,14,7414
21,14,7415
27,14,7416
27,14,7417
18,14,7418
15,14,7419
9,14,7420
12,14,7421
18,14,7422
6,14,7423
12,14,7424
12,12,7425
15,12,7426
27,12,7427
18,14,7428
9,14,7429
12,14,7430
18,14,7431
15,14,7432
12,12,7433
15,14,7434
9,14,7435
12,14,7436
15,14,7437
24,12,7438
15,14,7439
9,14,7440
12,14,7441
9,12,7442
18,12,7443
15,14,7444
9,14,7445
15,14,7446
30,14,7447
27,14,7448
21,14,7449
18,14,7450
15,14,7451
9,14,7452
12,14,7453
6,14,7454
15,14,7455
15,14,7456
27,12,7457
12,14,7458
15,14,7459
24,12,7460
21,14,7461
24,14,7462
12,14,7463
12,14,7464
12,14,7465
12,14,7466
9,14,7467
18,14,7468
24,14,7469
6,14,7470
9,14,7471
15,14,7472
21,14,7473
12,14,7474
15,14,7475
9,14,7476
12,14,7477
9,14,7478
12,14,7479
18,14,7480
12,14,7481
9,14,7482
15,14,7483
18,14,7484
12,14,7485
18,14,7486
6,14,7487
12,14,7488
21,14,7489
15,14,7490
24,14,7491
24,14,7492
27,14,7493
21,14,7494
18,14,7495
12,14,7496
15,14,7497
9,14,7498
12,14,7499
15,14,7500
15,14,7501
24,14,7502
24,14,7503
24,14,7504
21,14,7505
21,14,7506
18,14,7507
21,14,7508
18,14,7509
21,14,7510
9,14,7511
18,14,7512
21,14,7513
18,14,7514
24,14,7515
15,14,7516
12,14,7517
24,14,7518
12,14,7519
6,14,7520
12,14,7521
15,14,7522
12,14,7523
15,12,7524
12,12,7525
18,14,7526
12,14,7527
21,14,7528
18,14,7529
12,14,7530
15,14,7531
12,14,7532
6,14,7533
21,14,7534
15,14,7535
12,14,7536
15,14,7537
9,14,7538
15,14,7539
9,12,7540
12,14,7541
15,14,7542
9,14,7543
6,14,7544
15,14,7545
12,14,7546
15,14,7547
21,14,7548
18,14,7549
21,14,7550
9,14,7551
21,14,7552
12,14,7553
15,14,7554
15,14,7555
12,14,7556
12,14,7557
21,14,7558
12,14,7559
9,14,7560
18,14,7561
15,14,7562
24,14,7563
21,14,7564
18,14,7565
12,14,7566
12,14,7567
18,14,7568
12,14,7569
15,14,7570
12,14,7571
9,14,7572
9,14,7573
12,14,7574
12,14,7575
12,14,7576
15,14,7577
12,14,7578
18,14,7579
15,12,7580
18,14,7581
9,16,7582
12,14,7583
18,14,7584
12,14,7585
18,14,7586
12,14,7587
15,14,7588
18,14,7589
15,14,7590
18,14,7591
18,14,7592
24,14,7593
12,14,7594
9,14,7595
18,14,7596
15,14,7597
24,12,7598
30,14,7599
21,12,7600
12,12,7601
15,14,7602
9,12,7603
12,14,7604
9,14,7605
12,14,7606
9,14,7607
21,14,7608
9,14,7609
15,14,7610
15,14,7611
12,14,7612
18,14,7613
9,12,7614
18,14,7615
21,14,7616
27,14,7617
15,14,7618
15,14,7619
12,12,7620
18,14,7621
15,14,7622
9,14,7623
12,14,7624
15,14,7625
15,14,7626
12,14,7627
9,14,7628
21,14,7629
9,14,7630
15,14,7631
15,14,7632
15,14,7633
12,12,7634
21,14,7635
15,12,7636
12,14,7637
9,14,7638
12,14,7639
15,14,7640
9,14,7641
21,14,7642
12,14,7643
12,14,7644
15,14,7645
15,14,7646
15,12,7647
9,14,7648
15,14,7649
15,12,7650
9,14,7651
18,12,7652
12,14,7653
12,14,7654
12,14,7655
15,12,7656
15,14,7657
18,14,7658
21,14,7659
21,14,7660
15,14,7661
15,14,7662
12,14,7663
18,14,7664
15,14,7665
18,14,7666
9,14,7667
21,14,7668
15,14,7669
21,14,7670
12,14,7671
15,14,7672
6,14,7673
12,12,7674
18,14,7675
12,16,7676
15,14,7677
15,14,7678
24,14,7679
18,14,7680
6,14,7681
12,12,7682
12,14,7683
6,14,7684
12,14,7685
15,14,7686
21,14,7687
27,14,7688
21,14,7689
9,14,7690
9,14,7691
9,12,7692
12,14,7693
12,14,7694
15,14,7695
15,14,7696
12,12,7697
9,14,7698
18,14,7699
12,14,7700
15,14,7701
18,14,7702
12,14,7703
15,14,7704
12,14,7705
18,14,7706
12,14,7707
24,14,7708
33,12,7709
27,12,7710
30,12,7711
15,14,7712
12,14,7713
9,16,7714
18,14,7715
24,14,7716
18,14,7717
15,14,7718
15,14,7719
12,14,7720
15,14,7721
9,14,7722
12,14,7723
15,14,7724
18,14,7725
18,14,7726
15,14,7727
18,14,7728
12,14,7729
18,14,7730
15,14,7731
15,14,7732
12,14,7733
15,14,7734
12,14,7735
21,14,7736
12,14,7737
12,14,7738
15,14,7739
9,14,7740
18,14,7741
30,12,7742
27,12,7743
15,14,7744
12,14,7745
18,14,7746
9,14,7747
9,12,7748
18,14,7749
15,14,7750
9,14,7751
18,14,7752
15,14,7753
12,14,7754
9,14,7755
9,14,7756
12,14,7757
18,14,7758
18,14,7759
12,14,7760
18,14,7761
15,14,7762
24,14,7763
12,14,7764
12,14,7765
24,14,7766
24,14,7767
21,14,7768
12,14,7769
15,14,7770
24,14,7771
27,14,7772
21,14,7773
15,14,7774
12,14,7775
15,14,7776
12,14,7777
15,12,7778
21,14,7779
21,14,7780
15,14,7781
9,14,7782
21,14,7783
15,14,7784
12,14,7785
21,14,7786
15,14,7787
24,14,7788
18,14,7789
15,14,7790
12,14,7791
30,14,7792
24,14,7793
30,12,7794
21,12,7795
15,14,7796
12,14,7797
18,14,7798
18,14,7799
9,14,7800
6,14,7801
12,12,7802
18,12,7803
9,14,7804
12,14,7805
21,14,7806
18,14,7807
24,14,7808
15,14,7809
12,14,7810
15,14,7811
12,14,7812
9,14,7813
15,14,7814
21,14,7815
9,14,7816
18,14,7817
9,14,7818
12,12,7819
18,12,7820
12,14,7821
12,14,7822
21,14,7823
12,14,7824
9,14,7825
15,14,7826
15,14,7827
21,14,7828
18,14,7829
15,14,7830
9,14,7831
12,14,7832
15,12,7833
9,12,7834
12,14,7835
12,14,7836
12,12,7837
15,14,7838
18,14,7839
18,14,7840
18,14,7841
12,14,7842
15,12,7843
15,14,7844
12,14,7845
18,14,7846
15,14,7847
12,14,7848
12,14,7849
18,14,7850
12,14,7851
12,12,7852
18,14,7853
15,14,7854
15,14,7855
15,14,7856
18,14,7857
18,14,7858
12,14,7859
15,14,7860
24,14,7861
27,14,7862
18,14,7863
15,14,7864
9,14,7865
18,14,7866
15,14,7867
18,14,7868
12,12,7869
15,14,7870
12,12,7871
18,14,7872
12,14,7873
21,12,7874
12,12,7875
21,12,7876
9,14,7877
15,14,7878
18,14,7879
27,14,7880
27,14,7881
27,14,7882
15,14,7883
6,14,7884
18,14,7885
15,12,7886
18,14,7887
12,14,7888
12,14,7889
12,14,7890
15,14,7891
9,14,7892
9,14,7893
21,14,7894
15,14,7895
18,14,7896
18,14,7897
15,14,7898
15,14,7899
9,14,7900
18,14,7901
15,14,7902
12,14,7903
15,14,7904
12,14,7905
15,14,7906
18,14,7907
21,12,7908
18,14,7909
24,14,7910
6,14,7911
6,14,7912
24,14,7913
21,14,7914
21,14,7915
15,14,7916
15,14,7917
21,12,7918
18,12,7919
9,14,7920
21,14,7921
18,14,7922
15,14,7923
15,12,7924
15,12,7925
18,14,7926
21,14,7927
27,14,7928
24,14,7929
15,14,7930
9,14,7931
15,14,7932
15,14,7933
12,14,7934
15,14,7935
6,14,7936
15,14,7937
15,14,7938
15,14,7939
9,14,7940
9,14,7941
18,14,7942
12,14,7943
18,14,7944
12,14,7945
9,14,7946
12,14,7947
12,14,7948
18,14,7949
24,14,7950
21,14,7951
12,14,7952
15,14,7953
12,14,7954
9,14,7955
9,14,7956
27,12,7957
18,14,7958
18,16,7959
0,0,0
0,0,0
0,0,0
0,0,0
